,Datetime,Tweet Id,Text,Username
0,2021-08-26 18:47:10+00:00,1430965059895836674,@IgnacioTron7 #NoMasVenezolanos,DieoMauricioXO
1,2021-08-23 03:47:18+00:00,1429651436590223362,"@radiopaulina Pasan ilegalmente por un paso sin vigilancia, se toman territorios y m√°s encima son violentos con nuestros carabineros. #nomasvenezolanos en #Chile  la √∫nica persona que he escuchado zanjar el paso es @joseantoniokast",salamancascl
2,2021-08-22 20:29:32+00:00,1429541266845585409,Yo s√© que no solo son los venecos pero si los dejan cojer m√°s alas Bogot√° la vuelven m√°s insegura que Caracas #Nomasvenezolanos,andersender87
3,2021-08-19 15:30:16+00:00,1428378793044029442,"@UltimaHoraCR @ClaudiaLopez @MigracionCol @PoliciaBogota @Alexenlacalle Este problema se lo debemos y agradecemos a este gobierno, yo creo que estamos ya mamaos de tanto venezolano, es un tema q ya se sali√≥ de control, #nomasvenezolanos",CarlosF52994460
4,2021-08-12 00:56:34+00:00,1425622202670518274,@oscarabeja #nomasvenezolanos en Colombia.. que se vayan para su pais a joderle la vida su puto maduro,ceandresss
5,2021-07-24 02:17:29+00:00,1418757198310780938,"@RosaTolerante si , bueno antes no apoyaba a pedro castillo , pero ahora si   pedro castillo le pido que vote a los venezolanos porque aca en peru no habia mucho robo ahora si vote a la mierda de venezolanos que causan terror en la capital y los ronderos los mates enserio #nomasvenezolanos",jazmin52202722
6,2021-07-12 04:06:58+00:00,1414436096306470912,"#DebateAprueboDignidad
#LeyMigratoria
#RecuperemosChile 
#NoMasVenezolanos
#NoMasNarcoMigracion 

Esta claro que con tantos ciudadanos #venezolanos con Documentos #falsos el #Estado esta obligado a #Regular y  #Deportar https://t.co/XEDzisIway",PDesolacion
7,2021-07-01 04:33:38+00:00,1410456537072611330,@kwirk77 @JoseOrtegaT @Polificcion Cubanos y venezolanos! Nuestra econom√≠a es tan peque√±a que no hay trabajo para tanta gente! Ahora que quieren legalizar a tanto venezolanos el desempleo va a subir! #NoMasVenezolanos #LassoAtender,Gianne1
8,2021-06-30 19:40:29+00:00,1410322366043983880,"#PrimeraLineaAsesina #PetroBastaYa 
#Nomasvenezolanos üëâüèæchavistas https://t.co/5Ccmmul33w",fz16julian
9,2021-06-28 00:34:34+00:00,1409309210421125127,"@Omega77_fin @campesinoecu El pueblo ecuatoriano no sabe la carga social que nos tocar√° llevar! Toda esta gente que viene es pobre, mendigo, delincuente, sin estudios, vendedores ambulantes... que trae consigo desorden, delincuencia, etc... #NoMasVenezolanos",Gianne1
10,2021-06-25 15:12:09+00:00,1408442899495333891,Existe mucha delincuencia. Por favor #nomasvenezolanos. @LassoGuillermo @CancilleriaEc,Sandrorevelo593
11,2021-05-03 10:27:59+00:00,1389164830423228416,#NoMasUribismo #NoMasPetro #nomasvenezolanos,Gustavo67376488
12,2021-04-30 03:02:05+00:00,1387965453574811652,"Mientras los colombianos protestan pac√≠ficamente, los catrehijueputas venezolanos q el perro de duque patrocina, solo se dedican aprovechar de las marchas para robar y hacer da√±os materiales al pa√≠s!
#NoMasVenezolanos
Y no vengan con sus cuentos de xenofobia, a ellos les vale 5!!",flakomilan
13,2021-04-29 17:54:17+00:00,1387827592422731783,"@MigracionCol #nomasvenezolanos FUERON LOS QUE HICIERON DESMANES, ROBARON Y ATACARON A LA POLIC√çA. NOS TIENEN AMEDRENTADOS. SERA QUE FUERON CONTRATADOS PARA ESTO @IvanDuque @PoliciaColombia ESTOS DELINCUENTES HACE LO QUE SE LES DA LA GANA",Yoya601
14,2021-04-27 11:42:01+00:00,1387009135707832321,"Progreso gracias a los astronautas #Venezolanos #venezolano
#NoM√°sVenezolanos
#FueraVenezolanos
#LosBuenosSomosMas
@embajadave_pe
@carlosscull
@jguaido
@leopoldolopez
@AmnistiaOnline
@BancoMundialLAC https://t.co/ZdFHkHXd8n",GeorgioMonreal
15,2021-04-04 13:14:54+00:00,1378697585746137088,"Pobresito. Ahorita sale su embajador @carlosscull a pedir explicaciones de por qu√© se le pide documentos a este angelito #venezolano
@AmnistiaOnline
@BancoMundialLAC
@Defensoria_Per
#Venezolanos
#VenezolanosEnPer√∫
#NoM√°sVenezolanos
#NoEsXenofobia https://t.co/IiMbkqjS0W",GeorgioMonreal
16,2021-03-31 12:07:40+00:00,1377231115606503429,"Los pobres refugiados de #venezuela
@carlosscull
@embajadave_pe
@jguaido
@leopoldolopez
@AmnistiaOnline
@BancoMundialLAC
@Defensoria_Peru a ver si dicen algo.
#NoEsXenofobia
#NoM√°sVenezolanos
#MalaMigraci√≥n
#FueraVenezolanos
#VenezolanosEnPer√∫
#Venezolanos https://t.co/5Ba74VeQds",GeorgioMonreal
17,2021-03-18 14:08:24+00:00,1372550455876849673,#venecos #NoMasPetro #nomasvenezolanos #Bogot√°ElSinaloaColombiano #bogota https://t.co/vJyBq1bUxu,MateAmargo15
18,2021-03-15 21:47:49+00:00,1371578910962487296,"@rcnradio En Chile estamos igual, todas las regal√≠as de la ley, no les pueden hacer ni decir nada, ni pensar en expulsarlos porque vienen los defensores de los DDHH y revierten las expulsiones hechas por la justicia. #NoMasVenezolanos",andreabravos
19,2021-03-15 18:44:56+00:00,1371532885275115522,@paloterapias Se√±or ‚Äúpresidente‚Äù @IvanDuque siga diciendo que nos volvimos  xenofobicos pero vea que esta gente llego fue a hace da√±os #NoMasVenezolanos,wolfres001
20,2021-03-14 00:46:09+00:00,1370899013713682433,"@lamegafmiqq @KimyKat922 Ahora como si no fuera poco antes teniamos q cuidarnos de los flaites ahora tenemos q cuidarnos de los venezolanos vagos, gracias @sebastianpinera x destruiste el pa√≠s con esta cultura de exportaci√≥n.

#NoMasVenezolanos 

@joseantoniokast",Xrizzzz
21,2021-03-12 23:45:06+00:00,1370521262200610816,"Ni Per√∫, ni Ecuador, ni Panam√°, ni argentina, ahora el turno es Colombia no los soportamos son la plaga de LATINOAMERICA #Nomasvenezolanos #Justiciapormanopropia",LOPEZ_0525
22,2021-03-12 23:42:35+00:00,1370520629108219905,"@limoncillo_y Con el tiempo se dar√° cuenta que la gente va tomar justicia por mano propia ya estamos CANSADOS!! de esa gente, ni Per√∫ , ni Ecuador, ni argentina los soporta!! Ahora el el turno de Colombia #Nomasvenezolanos",LOPEZ_0525
23,2021-03-12 12:52:56+00:00,1370357139563282438,"@NoticiasCaracol La se√±ora tiene raz√≥n ha es hora de que le pongan freno a llega y estad√≠a de tanto inmigrante, est√° trayendo armas desde Venezuela y las est√°n usando ac√°. Cuando ya se ven cogidos salen llorando c√≥mo est√° belleza #sialportedearmas #nomasvenezolanos https://t.co/NuChyv7dLl",lajota30
24,2021-03-12 03:25:13+00:00,1370214266314358792,@ELTIEMPO Ahora si es Venezolano!!! #NoMasVenezolanos #carcel,kadangel2010
25,2021-03-12 03:23:23+00:00,1370213808480849927,"A los venezolanos todo se les ofrece, para que tengan con que robarnos, a nosotros los colombianos!!! #aplausos #NoMasVenezolanos",kadangel2010
26,2021-03-12 02:43:53+00:00,1370203864117436416,@BluRadioCo #NoMasVenezolanos #nomasvenecos #FueraVenecos https://t.co/rtDBCAK3tf,Jaramog73
27,2021-03-12 02:38:32+00:00,1370202520459608064,@RevistaSemana Dijo lo que muchos piensan pero les da miedo decir #NoMasVenezolanos,stbanherrera
28,2021-03-12 02:37:23+00:00,1370202231266492416,@JuanDaVelez @GPATTYVT #NoMasVenezolanos #NoMasVenezolanos #NoMasVenezolanos,stbanherrera
29,2021-03-12 02:31:21+00:00,1370200710017613826,@region6policia #NoMasVenezolanos #NoMasVenezolanos #NoMasVenezolanos,stbanherrera
30,2021-03-12 02:27:22+00:00,1370199710263341058,@AlvaroUribeVel #NoMasVenezolanos #NoMasVenezolanos #NoMasVenezolanos,stbanherrera
31,2021-03-12 01:02:38+00:00,1370178385687764995,No queremos m√°s venezolanos que cometan cr√≠menes en nuestra patria #nomasvenezolanos,CarlosACastell4
32,2021-03-11 17:38:40+00:00,1370066655825555462,@NoticiasCaracol #nomasvenezolanos en Bogot√° son una plaga en la ciudad est√° acabando con la paz de los ciudadanos. Solo traen ma√±as ahora no se puede salir tranquilo. #venezolanosasesinos,SONIAPI18481861
33,2021-03-11 17:36:10+00:00,1370066028076630025,@ClaudiaLopez  ya no podemos vivir tranquilos #nomasvenezolanos,SONIAPI18481861
34,2021-03-11 17:33:19+00:00,1370065311718850565,"@ClaudiaLopez #Nom√°sVenezolanos ya estamos mamados de est√° plaga, nos est√°n matando.",Lewis64735404
35,2021-03-11 16:16:06+00:00,1370045879047098372,@petrogustavo #Nom√°svenezolanos en Colombia. Sufiente guerrilleros hay aqu√≠ c√≥mo para que nos vengan a invadir. #NoayudasaloVenezolanos,Lewis64735404
36,2021-03-11 13:52:12+00:00,1370009666776891394,@danilcieroparra @OBJECONCIENCIA @IvanDuque @cristianurrea25 @PoliciaColombia Si pero en todos los pa√≠ses pagan ..ac√° los venezolanos delinquen los HP jueces los dejan libres y si los deportan se vuelven a entrar ..#nomasvenezolanos,SandraG50892563
37,2021-03-11 13:50:22+00:00,1370009205051187208,"@IvanDuque @PoliciaColombia #NOMASVENEZOLANOS  Estamos cansados de ellos son los jibaros est√°n en todos los delitos, destruyen la ciudad roban, matan y no pasa nada, nos sentimos sitiados en cada esquina hay grupos de esos venecos mirando como robar..eso no es un hecho aislado es una generalidad Hagan algo.",SandraG50892563
38,2021-03-11 13:46:52+00:00,1370008322364035076,@BERNARD17600930 @ClaudiaLopez @Bogota @PoliciaBogota @LuisErnestoGL Nooooo que rabia!!! Por lo menos no lo hirieron los venezolanos no tienen coraz√≥n no agradecen el haberlos dejado entrar ..fuera venezolanos delincuentes #Nomasvenezolanos,SandraG50892563
39,2021-03-11 13:44:33+00:00,1370007739141914625,@ClaudiaLopez @FiscaliaCol @FiscaliaCol @IvanDuque  necesitamos medidas urgentes  la mayor√≠a de los venezolanos son delincuentes nos sentimos muy mal y desprotegidos ellos andan a pie en moto armados se hacen los mendigos y solo eatan mirando como asesinar y atracar #nomasvenezolanos  fuera!,SandraG50892563
40,2021-03-11 13:12:30+00:00,1369999673084293123,Gracias h√©roe! #YoapoyolaPolicianacional #NomasVenezolanos https://t.co/ctgxxy9Fal,dipalihe
41,2021-03-11 11:44:27+00:00,1369977514291036160,"Presidente @IvanDuque por favor revise las cifras de hechos de inseguridad y habr√°n demasiados venezolanos. Pienso que es hora y con todo respeto, de cerrar fronteras con el pa√≠s vecino. #NoMasVenezolanos https://t.co/6A1OPH3bPL",fer_crdenas
42,2021-03-11 11:20:01+00:00,1369971367299461122,"Podran decir q es xenofobia y todo lo que quieran, pero debemos reaccionar!!, #nomasvenezolanos, Colombia se respeta!!!, solo vienen a hacer lo que les da la gana.",FerdinnandusEst
43,2021-03-11 04:11:17+00:00,1369863475242164225,"@ClaudiaLopez @PoliciaBogota @SeguridadBOG A pero como el se√±or duque prefiere darles salud , educaci√≥n y vivienda gratis . Y a nuestros verdaderos hermanos colombianos del choc√≥ y la guajira los deja morir #nomasvenezolanos",flacobta
44,2021-03-11 00:05:26+00:00,1369801602308206593,"El gobierno @IvanDuque y @mindefensa siguen nacionalizando ciudadanos venezolanos para que voten por el @CeDemocratico. 
Hoy un acto vil y b√°rbaro esos ciudadanos venezolanos mataron a un polic√≠a @PoliciaBogota @PoliciaColombia 
#NOMASVENEZOLANOS #EXPULSIONYA",EsguerraHernan
45,2021-03-07 20:17:05+00:00,1368656972241854469,".....es una extorsi√≥n lo que cometen, ya dejemos de prestarle atenci√≥n a estos tipos y tipas ya que se andan aprovechando de nuestra amabilidad de ayudarles economicamente, esto paso en Milagro parecen q t van atracar entre 2 te envuelven.
#NoM√°sVenezolanos 
#FueraVenezuela",Dhanny841
46,2021-03-01 17:32:54+00:00,1366441329849479185,@NoticiasCaracol Obviamente son esos venecos hptas!! No les importa ir asesinando y as√≠ el otro pig los quiere legalizar nada m√°s para pantallar con los europeos que ni les importa hambrezuela #NoMasVenezolanos en Colombia #Venezuela,ztbanh
47,2021-03-01 06:19:15+00:00,1366271799550435328,"El cerdo de @IvanDuque da entrada y estad√≠a gratis a los Venecos, pero no lo hace por pura solidaridad.

Quiere darles nacionalidad a los vividores del vecino pa√≠s para que voten por el pr√≥ximo presidente uribista #nomasvenezolanos #duqueshowsero #UribeGenocida  #duquehipocrita",nicoz2504
48,2021-02-26 03:47:32+00:00,1365146452213854211,"Los. Wns tienen casa en Venezuela, y los Barzas exijen ac√°..@NicolasMaduro no queremos mas venecos en #Latam #NoMasVenezolanos @PanAmPost_es @JavierOlivares @JMilei @marcodebcn @mvacarezza @carreragonzalo @MunizagaTere https://t.co/LbQHJxiFAT",andreabravos
49,2021-02-26 03:43:54+00:00,1365145537964564482,#NoMasVenezolanos #FueraIlegalesDeChile Barzas sinverg√ºenzas.. üò† https://t.co/LbQHJxiFAT,andreabravos
50,2021-02-24 03:24:40+00:00,1364415922249809920,"@PoliciaColombia #nomasvenezolanos nos quitan trabajo. se regalan y ahora son los q m√°s comenten delitos, robos, prostituci√≥n, asesinatos, y lo peor desempleo para los",ferpulsarflv
51,2021-02-24 03:21:58+00:00,1364415242269302784,@Lup18107401 @PoliciaColombia #nomasvenezolanos,ferpulsarflv
52,2021-02-22 00:40:46+00:00,1363649900622323719,"@silver69672621 @BrisasDeChile @endycontreras @jaarreaza Tontita, como te explico que en Tu pais se mueren de hambre y Sudamerica sufre las consecuencias. #NoMasVenezolanos",andresromero_31
53,2021-02-21 22:43:12+00:00,1363620315897737218,As√≠ como @carlosscull quiere proteger a sus paisanos igual nosotros los peruanos nos defendemos y adem√°s en nuestro pa√≠s. Es nuestro derecho expulsar a la violencia venezolana. #NoMasVenezolanos #venezolanosenperu,Peru196
54,2021-02-21 21:47:47+00:00,1363606370155716608,"@agtdonald @rickibanez @Chile_2021 @ChilenosSumemo1 @albertoplaza @chechohirane @mvacarezza @MiamiSup @NataliaVelarde8 @OscarMiniet @PordenoneBudoia @arnoldoipinza @Austral111 @VilmaPREZEchev2 @jesuc @mialaraprimera @arielroberts @insomnia_cl @melnicksergio @T13 Y por qu√© no le sacaron la cresta a ese #InmigranteIlegal??
Por qu√© opina y arenga en casa ajena, sino fue capaz de defender la propia!!!
#NoMasInmigracionIlegal 
#NoMasVenezolanos 
#NoMasInmigracionIlegal",Olivie08
55,2021-02-21 19:42:04+00:00,1363574731862126594,"Los venezolanos tendr√°n q pagar todos los actos negativos al Per√∫. El da√±o es enorme. Por culpa de PPK tenemos q vivir un stress permanente con esta gente extranjera q nada le debemos. El pueblo actuar√°
#NoMasVenezolanos #Peru #venezolanosenperu",Peru196
56,2021-02-21 19:33:56+00:00,1363572684416815105,"Hasta cu√°ndo @congresoperu una ley migratoria urgente!
#venezolanosenperu  #NoMasVenezolanos https://t.co/RZN0ApBg7g https://t.co/jUSGge3ZIq",Peru196
57,2021-02-21 16:26:54+00:00,1363525613890469890,"Los venezolanos deben entender que ac√° nadie los necesito, su aporte no es necesario. Nadie los invito, los q lo hicieron est√°n presos x corruptos. El pueblo los rechaza
#Venezolanos #NoMasVenezolanos #Peru",Peru196
58,2021-02-21 13:15:28+00:00,1363477440992010245,"@meganoticiascl En tiempos del Tata, las organizaciones mundiales webiaron hasta que hubo plebiscito para sacarlo, ac√° llevan a√±os en peores condiciones que nosotros en ese tiempo y ni la punta de la nariz asoman por all√°, tienen a toda Latam colapsada #NoMasVenezolanos",andreabravos
59,2021-02-21 12:43:25+00:00,1363469375790063617,"@T13 #NoMasVenezolanos 
#NoMasVenezolanos",direc_alpaladar
60,2021-02-21 04:14:20+00:00,1363341258366869509,"#elperfildellagarto  ENTIERRA ESTOS ""ALIADOS VIZCA-MORADOS. #NoMasVenezolanos SIN DELINCUENCIA, SIN SICARIOS, CON SEGURIDAD CIUDADANA !!YA!! #KeikoMentirosa",CarlosB78007939
61,2021-02-20 21:17:01+00:00,1363236239550386178,@T13 #NoMasVenezolanos,andreabravos
62,2021-02-20 11:36:46+00:00,1363090214676226049,"#venezolanos queriendo sembrar terror para ""apoderarse"" de zonas peruanas.
La peor migraci√≥n que puede existir en la actualidad y en toda la historia de la humanidad.
@embajadave_pe
@carlosscull
@jguaido
@leopoldolopez
@AmnistiaOnline
#NoEsXenofobia
#NoM√°sVenezolanos https://t.co/pYxbJuZ7Ee",GeorgioMonreal
63,2021-02-20 04:39:13+00:00,1362985133154910210,"@RalGuzm17108483 @kondepatula13 Sigue la invasi√≥n de Chile y el gobierno inoperante durmiendo
#NoMasVenezolanos 
#NoMasInmigrantes",Jeann_Esco
64,2021-02-20 03:36:06+00:00,1362969247840940034,"@PanAmPost_es quien financia esto? Punta Arenas est√° en el otro extremo de Chile,caminando no est√°n llegando.. #NoMasVenezolanos https://t.co/lkRj6QXo6S",andreabravos
65,2021-02-20 03:08:43+00:00,1362962358214262790,"Mart√≠n Vizcarra el q promovi√≥ la llegada de venezolanos es un corrupto. X eso los dejo entrar.
#NoMasVenezolanos",Peru196
66,2021-02-18 19:10:29+00:00,1362479617966243844,Ya iniciaron proceso barrio por barrio para expulsar a ciudadanos venezolanos que vinieron a esconderse y acabar con la tranquilidad de la ciudad. Sin documentos y sin ley porque a ustedes se les olvid√≥ su trabajo! @infopresidencia @PoliciaColombia #NoMasVenezolanos https://t.co/guR4GVbgfX,Cabetico1010
67,2021-02-18 16:43:12+00:00,1362442555099611137,@PoliciaPeru @atv_noticias @noticiAmerica @Latina_Noticias @RadioNacionalFM @RPPNoticias @noticias_tvperu @peru21noticias @PTV_Noticias @DiarioElPeruano @exitosape Los venezolanos xen√≥fobos est√°n tomando a sangre fr√≠a las calles del Per√∫. Porqu√© el @MininterPeru no se pronuncia! Su indiferencia es desconcertante. Tenemos levantarnos y organizarnos. #NoMasVenezolanos #SOSPER√ö #VenezolanosDestruyendoElPer√∫ m√°s de lo que est√°.,lz_lzj
68,2021-02-18 16:27:47+00:00,1362438673506177026,"@MininterPeru @MimpPeru @Agencia_Andina @noticias_tvperu @RadioNacionalFM @DiarioElPeruano Saquen a los delincuentes venezolanos del pa√≠s, est√°n acabando con muchos peruanos. Son una plaga y son unos xen√≥fobos!! Las ONG's no dicen nada, desgraciados!! La mayor√≠a de los venezolanos son unos ociosos y delincuentes. #NoMasVenezolanos #venezolanosfueradelPer√∫",lz_lzj
69,2021-02-18 16:21:59+00:00,1362437215184441345,@MininterPeru @Agencia_Andina @noticias_tvperu @RadioNacionalFM @elcomercio_peru @diariocorreo @exitosape @peru21noticias @RPPNoticias @larepublica_pe @DiarioElPeruano Este es un llamado de emergencia. Los delincuentes venezolanos est√°n acabando a sangre fr√≠a con los peruanos. Los venezolanos son xen√≥fobos y todav√≠a les tenemos compasi√≥n y les ayudamos. Qu√© tal raza! #NoMasVenezolanos No m√°s!!! @bbcmundo,lz_lzj
70,2021-02-18 11:48:17+00:00,1362368335472717824,"#ColombiaNecesitaDe una ultraderecha de mano fuerte...
#NoMasPetro #NoMasVenezolanos 
Muerte al comunismo",Johndil83634621
71,2021-02-17 23:56:01+00:00,1362189086618959872,"@racorcito @GustavoBolivar As√≠ es, y tambi√©n les aconsejo que se vayan a vivir a un pa√≠s so√±ado con un gobierno socialista, Venezuela tiene las puertas abiertas para ustedes.  #NoMasMentirasDeLaIzquierda #NoMasPetro #NoMasVenezolanos",elgarcidavid
72,2021-02-17 23:52:14+00:00,1362188137523519490,@ELTIEMPO #NoMasMentirasDeLaIzquierda y as√≠ en Colombia quieren seguir los pasos del pais nido de ratas.  #NoMasVenezolanos,elgarcidavid
73,2021-02-17 23:10:38+00:00,1362177665717784576,"Venezolanos asaltan banco Continental en SMP
#NoMasVenezolanos 
Hasta cu√°ndo est√° gente acabar√° con el Per√∫
#venezolanosenperu  no m√°s
@MigracionesPe @congresoperu 
@DanielUrresti1",Peru196
74,2021-02-17 16:38:19+00:00,1362078937053073409,#NoMasInmigracionIlegal #NoMasVenezolanos https://t.co/rmS2LiucO0,SebaldoAdolf
75,2021-02-17 14:16:15+00:00,1362043186424782848,"Per√∫ urge aplicar medidas correctivas a la migraci√≥n venezolana. C√≥mo Chile, castigar la migraci√≥n ilegal. Chile lo hace muy bien. 
#peruano #nomasvenezolanos",Peru196
76,2021-02-17 04:28:24+00:00,1361895248012705792,"@CalatoPerro #NoMasVenezolanos
#ExtranjerosRegresenASuPais!!!",Lourdes87164435
77,2021-02-17 04:23:12+00:00,1361893937548570628,"@Ojo_Publico Es q No entienden q √©ste pa√≠s No d√° m√°s... No hay trabajo formal... Y los ambulantes causan desorden y caos... D√©jennos vivir tranquilos y v√°yanse a su pa√≠s!!!... Aqu√≠ Hay mucha Pobreza... #NoMasVenezolanos
#NoQueremosHaitianos
#ExtranjerosVayanse",Lourdes87164435
78,2021-02-16 11:12:58+00:00,1361634672158121987,"#inmigracionilegaldesatada 
#FueraIlegalesDeChile 
#NoMasVenezolanos 
#NoMasInmigracionIlegal 
#Chilezuela
@GobiernodeChile 
@min_interior https://t.co/xNtavrTvnP",marcheporChile
79,2021-02-15 16:53:12+00:00,1361357906013265921,"@FSagasti
¬øHasta cu√°ndo va a seguir esto?
Me llena de impotencia, de miedo saber que pueda salir a la calle y simplemente por ser peruano pueda morir.

#GorbiernoIncapaz #Basta #VenezolanosXenofobos #NoM√°sVenezolanos https://t.co/Z3HN0zCMDK",AIexBandicoot
80,2021-02-14 13:18:46+00:00,1360941553716506624,@lcvelez @lafm Claro que m√°s se puede esperar de semejante comunista.. una naci√≥n de ejercer su soberan√≠a y si necesario con las armas. #NOmasVenezolanos,AlejoPleno
81,2021-02-13 16:50:16+00:00,1360632391073693697,"Venezolano atraca a profesor en Santa Marta y lo mata, tambi√©n lo mataron al Hpta #NomasVenezolanos @mrcayeye 

#DiaMundialDeLaRadio Sosa #TourDeLaProvence2021 
https://t.co/EsZ4ET1SFs",QloZungo
82,2021-02-13 16:38:46+00:00,1360629497213689857,"@DerechaNews @defensorianinez Para eso los trajeron.... A trabajar en las protestas...

#Nomasvenezolanos
#Nomasinmigrantes
#Nomasdelincuentes",capacitamineria
83,2021-02-09 22:03:12+00:00,1359261594660798464,"#LaTardeConHolaChile escucho hablar al blandengue Ministro del interior Rodrigo Delgado y pienso: se viene una nueva invasi√≥n de venezolanos a Colchane, tan poco claro que es. Ministro #NoMasVenezolanos",segbruce
84,2021-02-09 12:12:24+00:00,1359112913240350721,"El desgraciado Matarife y el titere nos declararon la guerra a los colombianos,abri√≥ la frontera con Venezuela,para que nos roben,asesinen y el premio es darles residencia y nacionalidad y no contentos tambi√©n la vacuna contra el covid #Nomasvenezolanos  #ProteccionAVenezolanosEs",revocaaclaudia
85,2021-02-09 01:21:02+00:00,1358948992063852548,"@IvanDuque Me arrepiento de haber votado por usted @IvanDuque parece m√°s presidente de esos venezolanos que de los mismos Colombianos, nos debemos permitir tantos favores a esa plaga Veneca hay que hacer algo Colombia #NoMasVenezolanos",ztbanh
86,2021-02-09 00:14:54+00:00,1358932347484315650,"@VickyDavilaH Y los Colombianos que? Pobres,no hay Educaci√≥n ni salud.. Choco, Guajira, SanAndres etc porque ese incompetente no se ocupa primero de nosotros #nomasvenezolanos ladrones, criminales. Esto es por votos. Lo eligieron para q meta las narices en Vnzla o para que gbne Colombia!",Yoya601
87,2021-02-08 23:42:21+00:00,1358924157501796354,"@LaNocheNTN24 @NTN24 @CGurisattiNTN24 Generar√°n desempleo en el pueblo colombiano para proteger a los bandidos y perezosos venezolanos
#NoMasVenezolanos robando en Colombia",Titamadre2
88,2021-02-08 22:21:08+00:00,1358903720659070979,@infopresidencia @IvanDuque @FilippoGrandi Hagamos una #Tutela #NoMasVenezolanos,the_Blackbox_
89,2021-02-08 20:35:23+00:00,1358877105333932037,"@ElQueLosDELATA @IvanDuque importando pobreza, legalizado ladrones, criminales! Ser√° que espera que esa plaga vote por ellos! #nomasvenezolanos",Yoya601
90,2021-02-08 20:33:49+00:00,1358876710851252225,"@lgomez4  @IvanDuque @MigracionCol @LuisErnestoGL @ClaudiaLopez  no queremos m√°s venezolanos  en Colombia lo √∫nico que vienen a hacer es robar  ya  la econom√≠a  est√° muy male dentro de nuestro pa√≠s para legalizar  a uno  escoria de gente que no supo elegir bien, #nomasvenezolanos",sebastianfdzg
91,2021-02-08 20:27:21+00:00,1358875085558460424,"@VickyDavilaH Legalizado criminales, para que voten por ellos! #nomasvenezolanos en Colombia",Yoya601
92,2021-02-08 20:00:17+00:00,1358868274738511875,"@infopresidencia @IvanDuque @FilippoGrandi #nomasvenezolanos, no conozco uno estudiado y bien hablado. Roban, matan, protestan, exigen aqu√≠ en Colombia! Y nadie les dice nada! Que se vayan a su Pa√≠s y le exijan a @NicolasMaduro primero los Colombianos vulnerables! Empleo, Educaci√≥n para los Colombianos!",Yoya601
93,2021-02-08 18:32:44+00:00,1358846239002030080,"@joseantoniokast Mala idea, capaz que Micco le haga montaje o encerrona.
Por favor mantener camarita encendida 24/7
Estamos atentos a sus noticias.
#RecuperemosChile #NoMasVenezolanos ilegales
#ElPeorGobiernoDeLaHistoria 
@Minrel_Chile https://t.co/uzJfNF1qqb",claucortezm
94,2021-02-08 13:17:34+00:00,1358766925409636352,#ContigoCHV @ContigoCHV a los #venezolanos hay que enviarlos a su pa√≠s son una plaga utilizan a sus hijos para pedir si ya tenemos un pa√≠s pobre con ellos ser√° peor y en la frontera poner a los #militares #nomasvenezolanos,VioletaSol2
95,2021-02-08 00:34:22+00:00,1358574860826460160,"NO M√ÅS INMIGRANTES VENEZOLANOS EN CHILE. üò° üö´

#Colchane #venezuela #nomasvenezolanos #NoMasInmigrantes #NoMasViolencia #Panguipulli #FranciscoMartinez #chile #Chilezuela #Adios #ColchaneSomosTodos #inmigrantes https://t.co/HGQn8WG2Cz",PaulAntoine2021
96,2021-02-07 15:40:39+00:00,1358440544540774401,"Dejen de matar, dejen de robar, dejen de actuar como sicarios si les dicen que ‚Äúno‚Äù a alg√∫n servicio que ofrecen #NOMASVENEZOLANOS https://t.co/fGj0B72NYf",wgirl19_
97,2021-02-07 00:56:14+00:00,1358217975946498050,@tromepe #nomasvenezolanos,Ale40230773
98,2021-02-06 15:16:32+00:00,1358072091334041603,"@Mariofl77399634 @tromepe Correcto , no le den dinero para que se vean forzados a retirarse de nuestro Pa√≠s !!!! Son unos delicuentes !!! Basta ya !!!MANO DURA CON ESTAS PERSONAS !!!! QUE SE LARGUEN #NOMASVENEZOLANOS",Matea_Blanco
99,2021-02-05 20:30:36+00:00,1357788739293085699,"@peru21noticias Los buenos somos m√°s @oscarabp @FedericoAgusti jajajaja. Esto es la migraci√≥n venezolana
#NoMasInmigracionIlegal #nomasvenezolanos",peruprima
100,2021-02-05 18:14:05+00:00,1357754383296061449,"Esto debe ser uns broma!!
@GobiernodeChile @sebastianpinera
#NoMasInmigracionIlegal 
#NOMASVENEZOLANOS
#Colchane https://t.co/dhRsJHINXi",Xrizzzz
101,2021-02-04 23:44:24+00:00,1357475122945400833,Al paso que vamos llegar√° el momento de armarnos para proteger nuestra integridad f√≠sica y la de nuestros familiares porque los hampones y delincuentes venezolanos atacan con armas de fuego y uno indefenso! @FiscaliaCol @PoliciaBogota @lopez @LuisErnestoGL #nomasvenezolanos,Cabetico1010
102,2021-02-04 23:22:19+00:00,1357469563886186497,"Estos v√°ndalos solo saben joder a la gente y causar da√±os @PoliciaBogota @ALCALDIASUBA11 @LuisErnestoGL qui√©n puede sacar esas bellezas del pa√≠s o de la ciudad, #nomasvenezolanos
@ELTIEMPO @InstitucionalTV @MigracionCol su deber es velar xprotecci√≥n de los ciudadanos COLOMBIANOS! https://t.co/n0i6kClMos",Cabetico1010
103,2021-02-04 00:33:35+00:00,1357125111028068352,"Hay que darle trabajo a los chilenos, los venezolanos son como escoba nueva, cagan r√°pido #nomasvenezolanos",Kilalia
104,2021-01-30 12:21:25+00:00,1355491302931128323,"#NoMasVenezolanos en Chile, ya nos invadieron con ilegales y delincuentes de Hait√≠ y de Colombia, para que lleguen los mas peligrosos del mundo. https://t.co/JeGKUCVCfv",NoAlGolpe2019
105,2021-01-30 03:23:11+00:00,1355355854179069952,Que esta esperando el pueblo peruano #Peru para tomar acci√≥n? acaso que nuestro pa√≠s despu√©s de tanto luchar contra Sendero y ahora aceptar pasivamente la migraci√≥n venezolana que esta destruy√©ndonos desde adentro? #venezolanosenperu #nomasvenezolanos https://t.co/lnE6wFlGAv,Perufirst1
106,2021-01-30 03:19:40+00:00,1355354967138332673,Venezolanos roban a plena luz en 3 motos lineales. Hoy 29 de Enero 2021 en la tarde. Seguro eran practicantes de motocross segun @oscarabp @FedericoAgusti @MigracionesPe @PoliciaPeruHasta cuando?  #venezolanos #venezolanosenperu #nomasvenezolanos https://t.co/YsP8WM0I5J,Perufirst1
107,2021-01-29 23:26:16+00:00,1355296229777928193,Hasta cuando @congresoperu @CancilleriaPeru @MigracionesPe ? que esperam? que el pueblo tome la justicia en sus manos? sacaremos a los venezolanos del Peru a como de lugar? #nomasvenezolanos #fueradelperu https://t.co/z00jqrdlWo,Perufirst1
108,2021-01-29 23:22:56+00:00,1355295394998198273,"De todos los d√≠as, ahora asesinan a joven peruano en Trujillo, hoy en Lima asesinana a un empresario. Los venezolanos destruir√°n Per√∫ sino hacemos algo 
#nomasvenezolanos #estamoshartos #salvemoselperu #expulsionascull #expulsiondevenezolanos # https://t.co/gCqhlQhctv",Perufirst1
109,2021-01-29 20:15:43+00:00,1355248278963703814,#nomasvenezolanos desde que llegaron de su pais a los nuestros la tasa de delincuencia subio,JEANCAR70352943
110,2021-01-29 13:11:19+00:00,1355141472459350016,"V√°yanse a la CSM con su ""Amnist√≠a Internacional""
#NoMasVenezolanos https://t.co/TFYtU6tZwX",Carloncho_JuK
111,2021-01-28 15:01:25+00:00,1354806794078408706,"Venezolanos (refugiados segun @FedericoAgusti y @oscarabp ) haciendo lo que saben hacer, causar p√°nico y terror en Per√∫. Tarde o temprano tendr√°n que expulsar a los migrantes, o ellos o nosotros, tu eliges peruan@ #nomasvenezolanos #venezolanosfueradelperu https://t.co/2PKVVttP72",Perufirst1
112,2021-01-28 11:04:43+00:00,1354747227311370242,"@HeraldoMunoz
@mbachelet Sus turistas haciendo lo que mejor saben... 

Ya basta..

Los inmigrantes nos est√°n quitando las casas, los autos y la vida.

#nomasvenezolanos
#nomasinmigrantes
#expulsioninmediata https://t.co/xBX8qValMY",capacitamineria
113,2021-01-27 21:09:14+00:00,1354536968886099971,@HolaChileLaRed #HolaChileLaRed el problema de los inmigrantes tanto #venezolanos #Haitianos son una plaga q lo √∫nico que  provoca es + pobreza al pa√≠s y delincuencia #nomasvenezolanos en Chile vienen a pasar hambre junto a sus hijos,VioletaSol2
114,2021-01-27 16:15:05+00:00,1354462945045073920,@ELTIEMPO @CancilleriaCol @infopresidencia ¬øqu√© pasa? ¬øNo le exigen visa a la delincuencia venezolana y si se la niegan a una persona que si tiene mucho que aportarle al pa√≠s? #NoMasVenezolanos o exijanles visa a todos los venezolanos ya.,Oscarserna1019
115,2021-01-26 22:22:00+00:00,1354192895440515073,"@Defensoria_Peru @PoliciaPeru @CCFFAA_PERU @elcomercio_peru @canalN_ @RadioNacionalFM @Agencia_Andina @atvmasnoticias @diariocorreo @larepublica_pe @exitosape @RPPNoticias @noticias_tvperu Es ingreso ilegal 
@Defensoria_Peru
, viven en una realidad alternativa, ac√°so no ven q utilizan pasos ilegales para el ingreso de delincuentes q atemorizan a nuestros ciudadanos. V√°yanse a la misma m.. #YoApoyoAlEjercitoPeruano #NoMasVenezolanos",jdark2844
116,2021-01-26 22:17:53+00:00,1354191859149631489,"@Defensoria_Peru Es ingreso ilegal @Defensoria_Peru, viven en una realidad alternativa, ac√°so no ven q utilizan pasos ilegales para el ingreso de delincuentes q atemorizan a nuestros ciudadanos. V√°yanse a la misma m.. #YoApoyoAlEjercitoPeruano #NoMasVenezolanos",jdark2844
117,2021-01-26 22:08:35+00:00,1354189518203740163,@susana_bozzo Bien hecho que se largue todo malandro y malandra gritones de mierda #nomasvenezolanos,naparco35
118,2021-01-19 22:38:55+00:00,1351660435662114816,"Que el alcalde de iquique y colchane se pongan los pantalones ¬°Todos los d√≠as ingresan venezolanos, todos los d√≠as! 

#NOMASVENEZOLANOS",anhy677
119,2021-01-18 12:55:01+00:00,1351151105246375938,@atv_noticias @Venezolanosenl1 @Venezolanosenpe @migravenezuela Malditos venezolanos solo han venido a cagar mi pa√≠s. Ya basta de estas lacras q hacen lo q quieren en mi pa√≠s. A todos deben botarlos sin excepciones. #NoMasVenezolanos,LauraGoitia9
120,2021-01-18 01:07:37+00:00,1350973081024671749,"#venezolano
#Venezolanos
#TalentoVenezolano
#NoEsXenofobia
#NoM√°sVenezolanos
#FueraVenezolanos
@embajadave_pe
@carlosscull
@jguaido
@leopoldolopez
@AmnistiaOnline
@BancoMundialLAC https://t.co/fcgiQxThOy",GeorgioMonreal
121,2021-01-14 12:48:17+00:00,1349699859499069448,"#Venezolano
#Venezolanos
#NoM√°sVenezolanos
#MalaMigraci√≥n
#TalentoVenezolano
#NoEsXenofobia
#NoM√°sVenezolanos
#FueraVenezolanos
@embajadave_pe
@carlosscull
@jguaido
@leopoldolopez
@AmnistiaOnline
@BancoMundialLAC https://t.co/LOIpzLwDXK",GeorgioMonreal
122,2021-01-13 15:58:35+00:00,1349385361923969024,"@zorka_munoz Demasiados venezolanos entran cada d√≠a. Casi la gran mayor√≠a son malcriados, no respetan nada.
Hay tantos peruanos que necesitan trabajar y en estos tiempos de pandemia mucho m√°s. #NoMasVenezolanos 

@noticiAmerica @atv_noticias @RPPNoticias @Latina_Noticias",luanhr94
123,2021-01-13 13:38:08+00:00,1349350019174985729,VENEZOLANOS LLEGAN ILEGALES Y EL GOBIERNO LOS LLENA DE BENEFICIOS el FRENTE AMPLIO QUIERE QUE ENTREN TODOS #NOMASVENEZOLANOS https://t.co/jVD1IWwZOz,dannpaikovs
124,2021-01-04 18:11:30+00:00,1346157322805121025,En el Ecuador todos los candidatos a presidente hablan de todo pero porque no hablan de la invasi√≥n de migrates #LassoPresidente2021 #Arauz dejen de pensar en otras cosas y piensen en lo que afecta en realidad #nomasvenezolanos,SergioSernaAM
125,2020-12-25 06:59:15+00:00,1342364263541862405,"No m√°s inmigrantes,  #nomasvenezolanos en mi pa√≠s , son las 4 de la madrugada y m√°s de 20 personas en un solo lugar , entran ilegales y hacen lo que quieren . https://t.co/0677Q19PXs",PabloPardo10
126,2020-12-23 02:59:15+00:00,1341579093972819976,"@FSagasti @presidenciaperu #NoMasVenezolanos
#MigracionPeru   expulsen a los venezolanos. Por un mejor Peru. https://t.co/psBZ55DBU4",EGYapeth
127,2020-12-15 16:24:20+00:00,1338882594398728192,@NoticiasRCN Cuantas muertes debemos tolerar por MANOS DE VENEZOLANOS ASESINOS S√ìLO VIENEN A MATAR Y ROBAR. PARA √âSTO SI NO HACEN MARCHAS AYYY SI EL PUEBLO QUEDA CALLADO que tristeza una familia m√°s perdiendo a√∫n familiar amado @petrogustavo @ClaudiaLopez @PoliciaBogota #nomasvenezolanos,Yades_Agudelo
128,2020-12-13 22:07:28+00:00,1338244171707142147,#NoMasVenezolanos y no m√°s claudia clopez. https://t.co/oXXaRTLFLb https://t.co/GmvSaifh9K,actasaz
129,2020-12-02 06:07:35+00:00,1334016340659757056,@ELTIEMPO #NoMasVenezolanos,Dilukaaburrimi1
130,2020-12-02 06:06:22+00:00,1334016035226324993,#NoMasVenezolanos https://t.co/qdH5GnIsYg,Dilukaaburrimi1
131,2020-12-02 05:57:25+00:00,1334013783447113728,#NoMasVenezolanos https://t.co/WjgWahXhMf,Dilukaaburrimi1
