,Unnamed: 0,Datetime,Tweet Id,Text,Username,preprocessed_data
0,0,2021-08-18 00:03:07+00:00,1427783076504035337,@psico_kaizen Fuera #fueravenezolanos,Maxiespin8221,['fueravenezano']
1,1,2021-08-12 14:15:12+00:00,1425823186059419649,"@Santi21457893 Felicitaciones, hay que seguirles dando duro a esos hptas, no les den trabajo, posada y mucho menos dinero o limosna. #fueravenezolanos",uribesial2022,"['felicitaci√≥n', 'seguir', '√©l', 'dar', 'duro', 'hpta', 'dar', 'trabajo', 'posado', 'menos', 'dinero', 'limosna', 'fueravenezolano']"
2,2,2021-08-12 00:04:16+00:00,1425609039023677447,"No m√°s. No aguantamos m√°s violencia a manos de venezolanos, hemos sufrido violencia desde siempre. No m√°s, no controlamos los nacionales ahora menos los delincuentes extranjeros. #fueraVenezolanos",sassena09,"['mas', 'aguantar', 'mas', 'violencia', 'mano', 'venezolano', 'sufrido', 'violencia', 'siempre', 'mas', 'controlar', 'nacional', 'ahora', 'menos', 'delincuente', 'extranjero', 'fueravenezolano']"
3,3,2021-08-11 19:51:49+00:00,1425545510669127685,@VickyDavilaH #fueravenezolanos fueraaaaaaaaaa,DjRolita,"['fueravenezano', 'ir']"
4,4,2021-08-11 19:50:35+00:00,1425545200319991809,@WaRRiOr60023681 @VickyDavilaH #fueravenezolanos infelices porque no se largan para su pa√≠s,DjRolita,"['fueravenezano', 'infeliz', 'largar', 'pais']"
5,5,2021-08-11 19:28:04+00:00,1425539531147730947,@IvanDuque @PoliciaColombia #fueravenezolanos,Vivi73973193,['fueravenezano']
6,6,2021-08-11 19:27:35+00:00,1425539410666393608,@Puntodequiebr15 #fueravenezolanos,Vivi73973193,['fueravenezano']
7,7,2021-08-11 19:26:42+00:00,1425539187986640900,@VickyDavilaH #fueravenezolanos,Vivi73973193,['fueravenezano']
8,8,2021-08-11 18:52:27+00:00,1425530570990395401,"@NoticiasCaracol Hasta cuando nos tendremos que aguantar estos venezolanos asesinos, delincuentes, #fueravenezolanos",MAURICIOBIN551,"['aguantar', 'venezolano', 'asesino', 'delincuente', 'fueravenezolano']"
9,9,2021-08-11 18:37:59+00:00,1425526927964741632,@UltimaHoraBLU Incre√≠ble Bogot√° est√° en manos de HP venezolanos que no les importa disparar contra la vida de una persona #fueravenezolanos,ceandresss,"['increible', 'bogota', 'mano', 'hp', 'venezolano', 'importar', 'disparar', 'vida', 'persona', 'fueravenezolano']"
10,10,2021-08-11 09:50:38+00:00,1425394215962431490,"TODOS dejamos el globalista censurador twatter, suprime la verdad hace meses hab√≠a cientos de tweets (docenas diarios) con el #FueraVenezolanos ahora hay pocos silencian el hecho que NADIE los quiere y deben largarse de NL, les durara poco el teatro no saben la que se les viene",FPNuevoLeon,"['dejar', 'globalista', 'censurador', 'twatter', 'suprimir', 'verdad', 'hacer', 'mes', 'haber', 'ciento', 'tweete', 'doceno', 'diario', 'fueravenezolano', 'ahora', 'poco', 'silenciar', 'hecho', 'nadie', 'querer', 'deber', 'largar', '√©l', 'nl', 'durar', 'teatro', 'saber', 'venir']"
11,11,2021-08-10 16:09:01+00:00,1425127050612989955,"Asco de programa @aztecanoreste @CadaManana7 pagar√°n y rendir√°n cuentas cuando recuperemos NL, quiten detestable sudaca Antronella; que vuelva @JazminconJ @SandraCanales @Nansalinas7 pongan REGIAS por eso @genteregiatv con @katyamtz les gana rating #FueraSudacas #FueraVenezolanos",FPNuevoLeon,"['asco', 'programa', 'pagar', 'rendir', 'cuenta', 'recuperar', 'nl', 'quitar', 'detestable', 'sudaca', 'antronella', 'volver', 'poner', 'regio', 'gana', 'rating', 'fuerasudacas', 'fueravenezolano']"
12,12,2021-07-29 21:09:33+00:00,1420854027600990212,"Hasta cuando el #Ecuador va a seguir tolerando esto, #fueravenezolanos del Pa√≠s malditas ratas vienen a crear delincuencia, el desempleo, hasta cuando @LassoGuillermo @ABorreroVega @VillaFernando_ @teleamazonasec @CrudoEcuador_ @revistavistazo @FiscaliaEcuador @MinGobiernoEc https://t.co/4IFHmRR3aQ",Cris58cJIM,"['ecuador', 'ir', 'seguir', 'tolerar', 'fueravenezano', 'pais', 'maldito', 'rata', 'venir', 'crear', 'delincuencia', 'desempleo']"
13,13,2021-07-21 13:26:24+00:00,1417838369070067712,#Venezolanos secuestran venezolanos en Chile. La BASURA es igual donde est√©n!!! #FueraVenezolanos,SantiagoEscribo,"['venezolano', 'secuestrar', 'venezolano', 'chile', 'basura', 'igual', 'estar', 'fueravenezolano']"
14,14,2021-07-13 01:40:28+00:00,1414761612582531074,"@CHVNoticitas_cl 

Por que #victimizan a los #ilegales por que no entran por #Pasos #legales ?

Estas mismos #migrantes son los que estan conformando las #Guerrillas #Narco que #azolan hoy #Chile 
#FueraVenezolanos 
No mas #NarcoMigracion",PDesolacion,"['victimizar', 'ilegal', 'entrar', 'paso', 'legal', 'mismo', 'migrante', 'estar', 'conformar', 'guerrilla', 'narco', 'azolar', 'hoy', 'chile', 'fueravenezolano', 'mas', 'narcomigracion']"
15,15,2021-07-11 17:24:46+00:00,1414274478977261570,"#FueraVenezolanos
#NoMasNarcoMigrantes
#NoMasMigrantesDelincuentes 

Digan las cosas por su nombre 
Los #Narcos #Venezolanos #Colombianos se estan tomando los #Barrios de #Todos #Secuestrando la #Libertad del #Pueblo 
Liberen los #CITES https://t.co/dMTCmFQfWu",PDesolacion,"['fueravenezano', 'nomasnarcomigrante', 'nomasmigrantesdesdes', 'decir', 'cosa', 'nombre', 'narco', 'venezolano', 'colombiano', 'estar', 'tomar', 'barrio', 'secuestrar', 'libertad', 'pueblo', 'liberar', 'cite']"
16,16,2021-07-01 00:49:07+00:00,1410400038568796160,"@jcarreraandrade @LassoGuillermo @CREOEcuador a estos #venezolanos piensa ayudar este gobierno. Ojal√° sea para que salgan de pa√≠s, suficiente tenemos con desempleo y falta de vivienda para que ayuden a esta gente. Hay que unirnos como ecuatorianos para sacar est√° clase de gente #fueravenezolanos",sllano81,"['venezolano', 'pensar', 'ayudar', 'gobierno', 'ojala', 'salir', 'pais', 'suficiente', 'desempleo', 'faltar', 'vivienda', 'ayudar', 'gente', 'unirno', 'ecuatoriano', 'sacar', 'clase', 'gente', 'fueravenezolano']"
17,17,2021-06-30 01:58:29+00:00,1410055105878147078,@mluciaramirez Este Narco-gobierno no le va a dar nada a esos üêíüáªüá™üêíüáªüá™üêí y luego dir√°n lo mismo para nunca darles NADA #fueravenezolanos #DuqueTitereDeUribe #duquehipocrita,nicoz2504,"['narcogobierno', 'ir', 'dar', 'luego', 'decir', 'mismo', 'nunca', 'dar', '√©l', 'fueravenezano', 'duquetiteredeuribe', 'duquehipocrita']"
18,18,2021-06-17 18:44:31+00:00,1405597242417876993,"Duque pidiendo plata a EE.UU para los migrantes V‚Ç¨N‚Ç¨K0S otra vez. 

Esos Migrantes creen que se est√°n aprovechando de este Gobierno Corrupto, pero es al revez, ese üêñ HP se lo va a gastar en armas para la dictadura de su patr√≥n #DuqueMentiroso #fueravenezolanos #UribeParacoHp",nicoz2504,"['duque', 'pedir', 'plata', 'eeuu', 'migrante', 'veurneurk', 'vez', 'migrante', 'creer', 'estar', 'aprovechar', 'gobierno', 'corrupto', 'revez', 'hp', 'ir', 'gastar', 'arma', 'dictadura', 'patron', 'duquementiroso', 'fueravenezolano', 'uribeparacohp']"
19,19,2021-06-14 03:29:47+00:00,1404279877759606787,@LassoGuillermo los Ecuatorianos pedimos que cierre fronteras y haga revisar antecedentes penales y sacar del Pais a extranjeros que esten mas de 3 meses esto no es Xenofobia cuantos Ecuatorianos mas seran Asaltados o Asesinados por estas ratas #fueraVenezolanos @DianaSalazarM2 https://t.co/cRzoT8gLUr,Cris58cJIM,"['ecuatoriano', 'pedir', 'cierre', 'frontera', 'hacer', 'revisar', 'antecedente', 'penal', 'sacar', 'pais', 'extranjero', 'estar', 'mas', 'mes', 'xenofobia', 'cuanto', 'ecuatoriano', 'mas', 'ser', 'asaltar', 'asesinado', 'rata', 'fueravenezolano']"
20,20,2021-06-14 03:28:54+00:00,1404279653049765890,@ComunicacionEc @LassoGuillermo @Educacion_Ec @mariabrownp @LassoGuillermo los Ecuatorianos pedimos que cierre fronteras y haga revisar antecedentes penales y sacar del Pais a extranjeros que esten mas de 3 meses esto no es Xenofobia cuantos Ecuatorianos mas seran Asaltados o Asesinados por estas ratas #fueraVenezolanos @DianaSalazarM2 https://t.co/XKHsBwVL8j,Cris58cJIM,"['ecuatoriano', 'pedir', 'cierre', 'frontera', 'hacer', 'revisar', 'antecedente', 'penal', 'sacar', 'pais', 'extranjero', 'estar', 'mas', 'mes', 'xenofobia', 'cuanto', 'ecuatoriano', 'mas', 'ser', 'asaltar', 'asesinado', 'rata', 'fueravenezolano']"
21,21,2021-06-01 14:42:24+00:00,1399738105620541440,"@JUANCAELBROKY @canal2co #ONU 
#SOSColombiaDDHH 
#NoMasPetro 
#NoMasUribe 
#renuncieduque 
#FueraVenezolanos
#NoMasLgbti.",benivaru3,"['onu', 'soscolombiaddhh', 'nomaspetro', 'nomasuribe', 'renunciedtar', 'fueravenezolano', 'nomaslgbti']"
22,22,2021-05-23 12:21:41+00:00,1396441199981039618,Ayer 22/5/2021 a las 7:45 pm fui atracado por un venezolano en plena carrera 15 (norte de bogota) @ClaudiaLopez hasta cuando tenemos que aguantarnos esta inseguridad? @PoliciaColombia @IvanDuque @AlvaroUribeVel falta mano firme #ApoyoAMiFuerzaPublica #fueravenezolanos,JoseJoaquin05,"['ayer', 'pm', 'atracado', 'venezolano', 'pleno', 'carrera', 'norte', 'bogotar', 'aguantar', 'yo', 'inseguridad', 'faltar', 'mano', 'firme', 'apoyoamifuerzapuboico', 'fueravenezolano']"
23,23,2021-05-22 23:26:24+00:00,1396246092191313925,"#fueravenezolanos 
#fueravenezolanos
Delincuentes 
#fueravenezolanos 
#fueravenezolanos https://t.co/qWtmsfvAN2",simon2811s,"['fueravenezano', 'fueravenezolano', 'delincuente', 'fueravenezolano', 'fueravenezolano']"
24,24,2021-05-20 23:21:19+00:00,1395520037495230464,"Fue hoy 20 Mayo 2021 a las 12:00m. El que habla es Venezolano y amenaza que los grupos que est√°n en el calipso, si no lo dejan robar matan al que grabaüò°#denunciaciudadana #paronacional #saqueos #fueravenezolanos #soscali #soscolombia #caliserespeta #ladrones #viral https://t.co/6TNB5Bdiof",pachomarrokinof,"['hoy', 'mayo', 'hablar', 'venezolano', 'amenazar', 'grupo', 'estar', 'calipso', 'si', 'dejar', 'robar', 'matar', 'grabadenunciaciudadana', 'paronacional', 'saqueo', 'fueravenezolano', 'soscali', 'soscolombia', 'caliserespeta', 'ladr√≥n', 'viral']"
25,25,2021-05-19 13:14:53+00:00,1395005036338548741,"Basuras Venezolanas: DELINCUENCIA, TR√ÅFICO, PROSTITUCION ese es el aporte de esos simios!!!
#FueraVenezolanos",SantiagoEscribo,"['basura', 'venezolano', 'delincuencia', 'trafico', 'prostitucion', 'aportar', 'simio', 'fueravenezolano']"
26,26,2021-05-18 13:30:41+00:00,1394646623993712642,"@angelitavpg Ojala esto sirva para que estas mierdas se vayan en masa de una vez por todas. V√ÅYANSE A LA MIERDA, GENTE COCHINA, PATUDA Y DE MAL VIVIR. #venezofachos #fueravenezolanos",RpMavi,"['ojala', 'servir', 'mierda', 'ir', 'masa', 'vez', 'todo', 'vayar', 'mierda', 'gente', 'cochino', 'patudar', 'mal', 'vivir', 'venezofachos', 'fueravenezolano']"
27,27,2021-05-18 03:55:24+00:00,1394501849839964166,"#FueraVenezolanos
#NoMasVenezolanosenColombia

Queremos a Colombia libre de corrupci√≥n y libre de Venezolanos https://t.co/rFGNvUNk7o",Anonimo87039034,"['fueravenezolano', 'nomasvenezolanosencolombia', 'querer', 'colombia', 'libre', 'corrupcion', 'libre', 'venezolano']"
28,28,2021-05-05 22:42:35+00:00,1390074473827688453,Primera l√≠nea mis ovarios! Eso es primeras RATAS Y VENECOS #YaNoMas #AsistenciaMilitarEs #ADuqueLeDigo #CaliSeRespeta #fueravenezolanos,STANDUPSIANDO,"['primero', 'linea', 'ovario', 'primero', 'rata', 'veneco', 'yanoma', 'asistenciamilitar', 'aduqueledigo', 'caliserespeta', 'fueravenezolano']"
29,29,2021-05-05 04:12:22+00:00,1389795079552970760,"@Vllcarolina @perro0728 @IvanDuque Vaya se√±ora periodista a Bogot√°. Huila. Bucaramanga y reporte que los bandalos que dices decir est√°n quemando los ca√≠ con piedritas como dices y hay polic√≠as heridos eso s√≠ no lo dices
#FUERAPETRO
#FUERABANDALOS
#FUERAELN
#FUERALANARCOTALIA
#FUERAVENEZOLANOS",nataliahildred1,"['ir', 'senora', 'periodista', 'bogoto', 'huilo', 'bucaramango', 'reportar', 'bandalo', 'decir', 'decir', 'estar', 'quemar', 'cai', 'piedrita', 'decir', 'policia', 'herido', 'si', 'decir', 'fuerapetro', 'fuerabandal', 'fueraeln', 'fueralanarcotalio', 'fueravenezolano']"
30,30,2021-04-28 00:34:21+00:00,1387203499105132544,"#FueraVenezolanos
#28DeAbril
#ParoNacional2021 https://t.co/lZpcvjfA7U",DianisAmore,"['fueravenezano', 'deabril', 'paronacional']"
31,31,2021-04-27 11:42:01+00:00,1387009135707832321,"Progreso gracias a los astronautas #Venezolanos #venezolano
#NoM√°sVenezolanos
#FueraVenezolanos
#LosBuenosSomosMas
@embajadave_pe
@carlosscull
@jguaido
@leopoldolopez
@AmnistiaOnline
@BancoMundialLAC https://t.co/ZdFHkHXd8n",GeorgioMonreal,"['progreso', 'gracias', 'astronauta', 'venezolano', 'venezolano', 'nomasvenezolano', 'fueravenezolano', 'losbueno']"
32,32,2021-04-24 01:06:23+00:00,1385762009346502657,"@JorEr69 Y que les van a hacer? Pobres Venecos no los vayan a expulsar. Que pesar.
@mindefensa
@arismendiga
@infopresidencia
@nutrydar
@ElVenezolanoCo
@ClaudiaLopez 
#fueravenecos
#fueravenezolanos
@NoticiasCaracol 
@PoliciaColombia",jorgehgiraldo,"['ir', 'hacer', 'pobre', 'veneco', 'ir', 'expulsar', 'pesar', 'fueraveneco', 'fueravenezolano']"
33,33,2021-04-22 08:53:29+00:00,1385154782013186050,#Fueravenezolanos https://t.co/s8pKHJ5MBy,Mateove04079,['fueravenezano']
34,34,2021-04-10 23:50:39+00:00,1381031906729414657,@noticiAmerica Venezolano asesino de mierda. Hasta cuando vamos a soportar a estas basuras que invadieron nuestro pa√≠s. #FueraVenezolanos,Rovhi,"['venezolano', 'asesino', 'mierda', 'ir', 'soportar', 'basura', 'invadir', 'pais', 'fueravenezolano']"
35,35,2021-04-09 04:09:30+00:00,1380372272431693825,@elbocononline Venezolano malnacido. #FueraVenezolanos,Rovhi,"['venezolano', 'malnacido', 'fueravenezolano']"
36,36,2021-04-08 04:42:10+00:00,1380018107389984769,"Que impotencia me da ver esto!
Nunca entender√© a esos VENEZOLANOS en Per√∫ que vinieron a robar, matar. Entonces c√≥mo no odiarlos? Si el hecho de permitirles estar en nuestro pa√≠s implica que van a morir varios peruanos. #fueravenezolanos 
https://t.co/oouJHdwWJR v√≠a @YouTube",Laurensvan4,"['impotencia', 'dar', 'ver', 'nunca', 'entender', 'venezolano', 'peru', 'vinir', 'robar', 'matar', 'entonces', 'odiar', '√©l', 'si', 'hacer', 'permitir', '√©l', 'pais', 'implicar', 'ir', 'morir', 'varios', 'peruano', 'fueravenezolano', 'via']"
37,37,2021-04-06 18:20:12+00:00,1379499194185093120,"Nunca me hab√≠an disparado!
No pense que la primera vez lo hiciera un venezolano üòÖüòÇ

#fueravenezolanos 
#nomasviolencia
#indignacion",JuanSeb95564713,"['nunca', 'haber', 'disparar', 'pensar', 'primero', 'vez', 'hacer', 'venezolano', 'fueravenezolano', 'nomasviolencia', 'indignacion']"
38,38,2021-03-31 12:07:40+00:00,1377231115606503429,"Los pobres refugiados de #venezuela
@carlosscull
@embajadave_pe
@jguaido
@leopoldolopez
@AmnistiaOnline
@BancoMundialLAC
@Defensoria_Peru a ver si dicen algo.
#NoEsXenofobia
#NoM√°sVenezolanos
#MalaMigraci√≥n
#FueraVenezolanos
#VenezolanosEnPer√∫
#Venezolanos https://t.co/5Ba74VeQds",GeorgioMonreal,"['pobre', 'refugiado', 'venezuelo', 'ver', 'si', 'decir', 'noesxenofobia', 'nomasvenezolano', 'malamigracion', 'fueravenezolano', 'venezolanosenperu', 'venezolano']"
39,39,2021-03-23 01:37:28+00:00,1374173418971615235,"@camilaemiliasv @Clintjoselint Lo que faltaba, estos delincuentes levantan la mano a nuestros Carabineros que est√°n  total% indefensos!!
#FueraIlegalesDeChile
#FueraColombianos
#FueraVenezolanos
#FueraDelincuentesInmigrantes",Katakattana1,"['faltar', 'delincuente', 'levantar', 'mano', 'carabinero', 'estar', 'total', 'indefenso', 'fuerailegalesdechile', 'fueracolombiano', 'fueravenezolano', 'fueradelincuente']"
40,40,2021-03-15 15:35:16+00:00,1371485152896028672,Es que no existe la c√°rcel en colombia para Venecos? Pa que putas los expulsan si se van a regresar por las trochas a seguir delinquiendo. Estamos jodidos #fueravenezolanos NO los queremos aca,jorgehgiraldo,"['existir', 'carcel', 'colombio', 'veneco', 'pa', 'puta', 'expulsar', 'si', 'ir', 'regresar', 'trocha', 'seguir', 'delinquender', 'jodido', 'fueravenezano', 'querer', 'aca']"
41,41,2021-03-13 19:25:16+00:00,1370818259163959297,"@ClaudiaLopez @Bogota @infopresidencia @IvanDuque por favorrr afuera los venezolanos son una plaga dif√≠cil de controlar, est√°n asesinando a colombianos inocentes por tener o no tener, son lo peor que dejaron ingresar a nuestro pa√≠s. Ya no m√°s #FueraVenezolanos esa gente tiene m√°s ayudas un Colombiano.",vaclahu,"['favorr', 'afuera', 'venezolano', 'plaga', 'dificil', 'controlar', 'estar', 'asesinar', 'colombiano', 'inocente', 'tener', 'tener', 'peor', 'dejar', 'ingresar', 'pais', 'mas', 'fueravenezolano', 'gente', 'mas', 'ayuda', 'colombiano']"
42,42,2021-03-13 12:09:10+00:00,1370708513589186560,"Uribistas cagados, traidores y vendidos, cada vez m√°s se parecen a los Petristas... Esos hip√≥critas lambones que se las dan de Patriotas y ay est√°n defendiendo la imigraci√≥n en Colombia sin darse cuenta del problema de seguridad que se vive. #FueraVenezolanos #UribistasApatridas",FUND_EjDNort,"['uribista', 'cagado', 'traidor', 'vendido', 'cada', 'vez', 'mas', 'parecer', 'petrista', 'hipocrita', 'lamb√≥n', 'dar', 'patriota', 'a', 'ey', 'estar', 'defender', 'imigracion', 'colombio', 'dar', '√©l', 'cuenta', 'problema', 'seguridad', 'vivir', 'fueravenezano', 'uribistasapatrida']"
43,43,2021-03-12 22:26:54+00:00,1370501581343449090,"@EilemsLaura Si algo anda mal en Colombia, no es asunto de uds, larguense, ocupense de su pa√≠s. #fueravenezolanos",LeaViru,"['si', 'andar', 'mal', 'colombio', 'asunto', 'ud', 'larguense', 'ocupense', 'pais', 'fueravenezolano']"
44,44,2021-03-12 22:13:37+00:00,1370498238718095361,"@TrapieLLo @ClaudiaLopez No apoyo a claudia pero los venezolanos son una carga social que Bogot√° no deber√≠a cargar, que se encargue maduro de sus delincuentes #FueraVenezolanos",LeaViru,"['apoyo', 'claudo', 'venezolano', 'carga', 'social', 'bogoto', 'deberir', 'cargar', 'encargar', 'maduro', 'delincuente', 'fueravenezolano']"
45,45,2021-03-12 18:09:04+00:00,1370436697062785029,"Merece estar preso. La intensi√≥n es un delito, Ser c√≥mplice tambi√©n. #FueraVenezolanos. https://t.co/QVnDX8xs9X",MuyEnojadoEstoy,"['merecer', 'preso', 'intension', 'delito', 'ser', 'complice', 'tambien', 'fueravenezolano']"
46,46,2021-03-12 11:05:40+00:00,1370330146025136134,"#ClaudiaAlcaldesa tiene toda la raz√≥n, hay mucho venezolano que nos est√° jodiendo la vida en Colombia..... #fueravenezolanos pero ya.",WalskWarn,"['claudiaalcald√©s', 'todo', 'razon', 'venezolano', 'joder', 'vida', 'colombio', 'fueravenezolano']"
47,47,2021-03-12 07:44:44+00:00,1370279576987918336,"#FueraVenezolanos
#fueravenezolanos 
#FueraVenezolanos 
 #fueravenezolanos https://t.co/aqVKXsrMA3",Pauly11salazar,"['fueravenezano', 'fueravenezolano', 'fueravenezolano', 'fueravenezolano']"
48,48,2021-03-12 04:14:54+00:00,1370226771375890432,@NoticiasCaracol Apoyo a @ClaudiaLopez #fueravenezolanos no los queremos en colombia @lgomez4 @JuanFEspinosaP,jorgehgiraldo,"['apoyo', 'fueravenezolano', 'querer', 'colombia']"
49,49,2021-03-12 01:24:21+00:00,1370183852786905088,#fueravenezolanos,Alexmillos16,['fueravenezano']
50,50,2021-03-12 00:56:09+00:00,1370176752971096067,"@ClaudiaLopez Las cosas por su nombre son VENECOS, los que delinquen.
#fueravenezolanos #fueravenecos",jorgehgiraldo,"['cosa', 'nombre', 'veneco', 'delincar', 'fueravenezano', 'fueraveneco']"
51,51,2021-03-11 16:54:35+00:00,1370055565657964545,@santiagoangelp @ClaudiaLopez #FueraVenezolanos,Giofigueroa,['fueravenezano']
52,52,2021-03-11 15:09:35+00:00,1370029140548714496,"#QuePasaEnBogota ? Esta plagada de venezolanos,  que delinquen y creen que este pa√≠s es su casa! Ladrones , estafadores , deshonestos, mendigos, conformistas!  Gente desagradable.  #fueravenezolanos #vivalaxenofobia #xenofobia",Maryate11,"['quepasaenbogota', 'plagado', 'venezolano', 'delincar', 'creer', 'pais', 'casa', 'ladr√≥n', 'estafador', 'deshonesto', 'mendigo', 'conformista', 'gente', 'desagradable', 'fueravenezolano', 'vivalaxenofobia', 'xenofobia']"
53,53,2021-02-24 01:53:39+00:00,1364393016698544132,#fueravenezolanos https://t.co/AkOOMwlEkg,Cristal98603141,['fueravenezano']
54,54,2021-02-23 13:44:24+00:00,1364209494931234819,"#fueravenezolanos larguense a su pa√≠s de y resuelvan sus problemas en casa, al #Peru se le respeta.",criticonoconfio,"['fueravenezano', 'larguense', 'pais', 'resolver', 'problema', 'casa', 'peru', 'respetar']"
55,55,2021-02-22 23:47:43+00:00,1363998939037528065,#fueravenezolanos,capelita2,['fueravenezano']
56,56,2021-02-22 14:57:28+00:00,1363865497859670017,@Iquiquevision #Fueravenezolanos HDP socilistas acostumbrados a que les den todo esto sin chavistas hay que expulsarlos,krisemall,"['fueravenezano', 'hdp', 'socilista', 'acostumbrado', 'dar', 'chavista', 'expulsar', '√©l']"
57,57,2021-02-22 10:28:20+00:00,1363797767722827777,"@Iquiquevision No luchaste en tu pa√≠s ilegal hijo de puta y vienes a luchar ac√°..

#fueravenezolanos",capacitamineria,"['luchaste', 'pais', 'ilegal', 'hijo', 'puta', 'venir', 'luchar', 'aca', 'fueravenezolano']"
58,58,2021-02-22 02:03:19+00:00,1363670675517550592,"@pautalibrelared 
Callen a ese CTM ..!! üò°
#FUERAVENEZOLANOS",Andresss310,"['callar', 'ctm', 'fueravenezano']"
59,59,2021-02-22 02:01:08+00:00,1363670125543649280,"#fueraIlegalesdechile 
#fueravenezolanos https://t.co/VPqfl550ro",tamaratda,"['fuerailegalesdechile', 'fueravenezolano']"
60,60,2021-02-21 20:35:27+00:00,1363588167060885506,@agtdonald @rickibanez @Chile_2021 @ChilenosSumemo1 @albertoplaza @chechohirane @mvacarezza @MiamiSup @NataliaVelarde8 @OscarMiniet @PordenoneBudoia @arnoldoipinza @Austral111 @VilmaPREZEchev2 @jesuc @mialaraprimera @arielroberts @insomnia_cl @melnicksergio @T13 Escucha venezolano ctm no es nuestro problema es de tu  pais y de tu pueblo incapaz de exigir lo que corresponde aca te yaces el valiente alla seguro estabas callado !!!! #FueraVenezolanos,krisemall,"['escuchar', 'venezolano', 'ctm', 'problema', 'pais', 'pueblo', 'incapaz', 'exigir', 'corresponder', 'aca', 'yaz', 'valiente', 'alla', 'seguro', 'callado', 'fueravenezano']"
61,61,2021-02-21 18:40:46+00:00,1363559303651688449,"#FueraVenezolanos toda su raza es as√≠, no encontraras ninguno q sea distinto y cuando pienses que por fin hay uno diferente te clavara el pu√±al x la espalda",JeanetteSofiaO1,"['fueravenezano', 'todo', 'raza', 'asi', 'encontrar', 'ninguno', 'distinto', 'pensar', 'fin', 'diferente', 'clavar', 'punal', 'espalda']"
62,62,2021-02-21 18:39:43+00:00,1363559039653842956,"#FueraVenezolanos estos venecos lacras no tienen sentimientos son animales, son bestias sin oficio ni beneficio",JeanetteSofiaO1,"['fueravenezano', 'veneco', 'lacra', 'sentimiento', 'animal', 'bestia', 'oficio', 'beneficio']"
63,63,2021-02-21 18:39:16+00:00,1363558928051810305,#FueraVenezolanos estamos hartos! Pero a√∫n hay compatriotas que los apoyan como idiotas dici√©ndonos xenofobos,JeanetteSofiaO1,"['fueravenezano', 'harto', 'aun', 'compatriota', 'apoyar', 'idiota', 'diciendono', 'xenofobo']"
64,64,2021-02-21 17:47:32+00:00,1363545906545643524,"#JusticiaParaSilvano  #FueraVenezolanos @Latina_pe LOS VENEZOLANOS ANDAN EN LAS CALLES DISPARANDO COMO TIERRA DE NADIE! JUSTICIA PARA DISPARO EN MIRAFLORES? @Latina_pe pida JUSTICIA para todos Asesinados, Atacados, Asaltados, Descuartizados por EVIDENTES VENEZOLANOS HASTA CUANDO!",zihs1,"['justiciaparasilvano', 'fueravenezano', 'venezolano', 'andar', 'calle', 'disparar', 'tierra', 'nadie', 'justicia', 'disparo', 'miraflor', 'pedir', 'justicia', 'asesinado', 'atacar', 'asaltado', 'descuartizado', 'evidente', 'venezolano']"
65,65,2021-02-21 17:32:18+00:00,1363542073144733699,#NoTeConfies #FueraVenezolanos NO SE PUEDE GENERALIZAR @Latina_pe PERO NO SE PUEDE  MINIMIZAR LOS AVTOS DELINCUENCIALES DE ALTO MIVEL QUE EN PERU LO HAN HECHO VENEZOLAMIS IDENTIFICADOS!! NO SEAN MERMELETIS ANTE UNA REALIDAD DELINCUENCIAL SUMADA A LA Q YA TEN√çAMOS SIN VENEZOLANOS!,zihs1,"['noteconfie', 'fueravenezano', 'poder', 'generalizar', 'poder', 'minimizar', 'avto', 'delincuencial', 'alto', 'mivel', 'peru', 'hecho', 'venezolamis', 'identificado', 'mermeletis', 'realidad', 'delincuencial', 'sumado', 'tener', 'venezolano']"
66,66,2021-02-21 17:28:59+00:00,1363541238457188352,#NoTeConfies #FueraVenezolanos Mensaje de PAZ??? @EmbajadaVenzuel @carlosscull DESCARADO MINIMIZA LOS ATAQUES VENEZOLANOS. VIVA EN LOS OLIVOS PARA QUE ENTIENDA EN QUE SE HA CONVERTIDO ESE DISTRITO. SOLUCIONE LA DELINCUENCIA VENEZOLANA ALLI Y ENTONCES PODRA HABLAR! IRRESPONDABLE!!,zihs1,"['noteconfie', 'fueravenezolano', 'mensaje', 'paz', 'descarado', 'minimizar', 'ataque', 'venezolano', 'vivo', 'olivo', 'entender', 'convertido', 'distrito', 'solucionar', 'delincuencia', 'venezolano', 'alli', 'entonces', 'poder', 'hablar', 'irrespondable']"
67,67,2021-02-21 17:24:20+00:00,1363540067227213827,"#Noteconfies #FueraVenezolanos Deben ser expulsados la totalidad de VENEZOLANOS DELINCUENTES, todos los indocumentados, ILEGALES. EN PERU SE RESPETABA A LA AUTORIDAD SIEMPRE, DESDE SU LLEGADA ATACAN POLICIAS SERENAZGOS VANDA√ëICSMENTE!
@EmbajadaVenzuel @Latina_pe @RPPNoticias",zihs1,"['noteconfie', 'fueravenezano', 'deber', 'ser', 'expulsar', 'totalidad', 'venezolano', 'delincuente', 'indocumentado', 'ilegal', 'peru', 'respetar', 'autoridad', 'siempre', 'llegado', 'atacar', 'policia', 'serenazgo', 'vandanicsmente']"
68,68,2021-02-21 13:26:57+00:00,1363480330380918784,@diariocorreo #fueravenezolanos   #JusticiaParaSilvano  aprendamos de chile que pone mano dura a los migrantes y los deporta @FiscaliaPeru @MigracionesPe  @PoliciaPeru  @EjercitoPeru  @FSagasti,YuTeofila,"['fueravenezano', 'justiciaparasilvano', 'aprender', 'chile', 'poner', 'mano', 'duro', 'migrante', 'deportar']"
69,69,2021-02-21 07:58:26+00:00,1363397655343341569,"No entiendo como @MigracionesPe
No hace nada al respeto, se√±ores est√°n matando a nuestros compatriotas
Se√±or presidente @FSagasti cumpla su deber, no sea cobarde y salga hablar suerte y claro
#fueravenezolanos
#MarchaPatriota
#JusticiaParaSilvano",PeruEsto,"['entender', 'hacer', 'respeto', 'senor', 'estar', 'matar', 'compatriota', 'senor', 'presidente', 'cumplir', 'deber', 'cobarde', 'salir', 'hablar', 'suerte', 'claro', 'fueravenezolano', 'marchapatriota', 'justiciaparasilvano']"
70,70,2021-02-21 04:19:27+00:00,1363342546886361089,"#elperfildellagarto DESTAP√ì LA ""OLLA"" DEL LAGARTO, Y EL CAGASTI FUE C√ìMPLICE AL ""CERRAR"" CONTRATO DE VACUNAS ¬øCON ""SECRETISMOS? ¬øPOR QU√â? #fueravenezolanos #KeikoMentirosa",CarlosB78007939,"['elperfildellagarto', 'destar', 'olla', 'lagarto', 'cagasti', 'complice', 'cerrar', 'contrato', 'vacuna', '?', 'con', 'secretismo', '?', 'por', 'fueravenezano', 'keikomentiroso']"
71,71,2021-02-20 22:59:39+00:00,1363262068338683910,@diariocorreo Por fin un medio de comunicaci√≥n resalta la marcha!! Gracias por ser empatico #FueraVenezolanos #justiciaporsilvano,Shey_rr28,"['fin', 'medio', 'comunicacion', 'resaltar', 'marcha', 'gracias', 'ser', 'empatico', 'fueravenezano', 'justiciaporsilvano']"
72,72,2021-02-17 22:22:42+00:00,1362165602081771520,@elcomercio_peru Que se larguen de nuestro pa√≠s estos delincuentes. #FueraVenezolanos,Rovhi,"['largar', 'pais', 'delincuente', 'fueravenezolano']"
73,73,2021-02-17 17:16:21+00:00,1362088509520175110,"@IvlevSilva @FiscaliaPeru S√≠ tal vez tengamos que tomar la justicia con nuestras propias manos el Per√∫ unido
#ElPer√∫Primero
#fueravenezolanos 
#FueraVenezolanosAsesinos
Derramaron sangre inocente; la mayor√≠a son unos PROBLEM√ÅTICOS DELINCUENTES ASESINOS.
El PER√ö no necesita m√°s DELINCUENTES VENEZOLANOSüáªüá™üíÄ",ilia_Tintaya_1,"['si', 'tal', 'vez', 'tomar', 'justicia', 'propio', 'mano', 'peru', 'unido', 'elperuprimero', 'fueravenezolano', 'ir', 'derramar', 'sangre', 'inocente', 'mayoria', 'problematico', 'delincuente', 'asesino', 'peru', 'necesitar', 'mas', 'delincuente', 'venezolano']"
74,74,2021-02-17 17:11:51+00:00,1362087374264631298,"@lrangel25 M√°s crueles fueron esos asesinos üáªüá™ que sin ning√∫n motivo mataron a sangre fr√≠a a nuestro compatriota de HU√ÅNUCOüáµüá™con enga√±os despu√©s de robarle, porque la mayor√≠a de VENEZOLANOS ASESINOS vienen al PER√ö a hacer da√±o vayan a matar a vuestros pol√≠ticos a Maduro
#FueraVenezolanos‚ò†Ô∏è",ilia_Tintaya_1,"['mas', 'cruel', 'asesino', 'ninguno', 'motivo', 'matar', 'sangre', 'fria', 'compatriota', 'huanucocon', 'engano', 'despues', 'robar', '√©l', 'mayoria', 'venezolano', 'asesino', 'venir', 'peru', 'hacer', 'dano', 'ir', 'matar', 'politico', 'maduro', 'fueravenezolano']"
75,75,2021-02-17 14:23:40+00:00,1362045050490863616,"@TheQueenInHous1 @SomosPeruOf @dsalaverryv @MartinVizcarraC Cuando un venezolano asesine a un familiar o amigo tuyo, SEGUIR√ÅS PREGUNTANDO ESTUPIDECES‚ùì
Respecto a las vacunas la @FiscaliaPeru @C_Fiscalizacion ya est√° investigando y entre ellos a @MartinVizcarraC
si determinan que es culpable ser√° juzgado como corresponde
#FueraVenezolanos",ilia_Tintaya_1,"['venezolano', 'asesinar', 'familiar', 'amigo', 'seguir', 'preguntar', 'estupidez', 'respecto', 'vacuna', 'investigar', 'si', 'determinar', 'culpable', 'ser', 'juzgar', 'corresponder', 'fueravenezano']"
76,76,2021-02-17 14:15:32+00:00,1362043003158884357,"@rlopezaliaga1 Estimado su pronunciamiento acerca de los actos criminales de DELINCUENTES VENEZOLANOS ASESINOS que est√°n matando y amenazando a√∫n m√°s a los peruanos.
Vemos con claridad que a @FSagasti le vale un reverendo pepino lo que est√° pasando con nuestros compatriotasüáµüá™
#FueraVenezolanos",ilia_Tintaya_1,"['estimado', 'pronunciamiento', 'acerca', 'acto', 'criminal', 'delincuente', 'venezolano', 'asesino', 'estar', 'matar', 'amenazar', 'aun', 'mas', 'peruano', 'ver', 'claridad', 'valer', 'reverendo', 'pepino', 'pasar', 'compatriota', 'fueravenezolano']"
77,77,2021-02-17 13:06:27+00:00,1362025617366089729,"Nada bueno nos trajo la migraci√≥n venezolana que adem√°s de ser una carga social genera malestar social y una tensi√≥n en la poblaci√≥n peruana. No queremos m√°s venezolanos.
#venezolanosenperu #peruano #fueravenezolanos #venezolanosenperu #venezolanos #Peru",Peru196,"['buen', 'traer', 'migracion', 'venezolano', 'ademas', 'ser', 'carga', 'social', 'generar', 'malestar', 'social', 'tension', 'poblacion', 'peruano', 'querer', 'mas', 'venezolano', 'venezolanosenperu', 'peruano', 'fueravenezolano', 'venezolanosenperu', 'venezolano', 'peru']"
78,78,2021-02-17 13:04:48+00:00,1362025203140866054,MIGRANTES SIGUEN ENTRANDO ILEGALMENTE COLAPSANDO SALUD TRABAJO CALLES venezolanos estan INVADIENDO EL PAIS son sucios y atrevidos BASTA DE ESTA INMIGRACION #fueravenezolanos @24HorasTVN @biobio https://t.co/N4oS6Gzkov,dannpaikovs,"['migrante', 'seguir', 'entrar', 'ilegalmente', 'colapsar', 'salud', 'trabajo', 'calle', 'venezolano', 'estar', 'invadir', 'pais', 'sucio', 'atrevido', 'bastar', 'inmigracion', 'fueravenezolano']"
79,79,2021-02-17 03:58:23+00:00,1361887694041849856,@ElToto2128 @AleID__97 #fueravenezolanos,JulietNena,['fueravenezano']
80,80,2021-02-17 00:45:04+00:00,1361839043609321474,"Tomar medidas en contra de los venezolanos ya que se ha evidenciado que son un peligro inminente para todos los peruanos , no esperes a sufrir a manos de estos endebles advenedizos para tomar acciones, las elecciones ser√°n pronto y el se√±or Aliaga los sacara. #fueravenezolanos",STalareno,"['tomar', 'medida', 'venezolano', 'evidenciado', 'peligro', 'inminente', 'peruano', 'esperar', 'sufrir', 'mano', 'endeble', 'advenedizo', 'tomar', 'acci√≥n', 'elecci√≥n', 'ser', 'pronto', 'senor', 'aliaga', 'sacar', 'fueravenezano']"
81,81,2021-02-16 15:33:08+00:00,1361700146598273033,"Los venezolanos, los atacados, los que sufren de xenofobia. Ac√° su comportamiento de hampones, ratas, al buen estilo @venezoIanos en grupo y con revolver. @Venezolanos #fueravenezolanos #venecos https://t.co/RpzShC4M4r",Andre11085901,"['venezolano', 'atacar', 'sufrir', 'xenofobia', 'acar', 'comportamiento', 'hamp√≥n', 'rata', 'buen', 'estilo', 'grupo', 'revolver', 'fueravenezano', 'veneco']"
82,82,2021-02-16 05:44:16+00:00,1361551953298415618,"""No es xenofobia"". Pero ya estamos hartos de que vengan malos extranjeros a querer hacer lo que les da la gana en pa√≠s ajeno.üò° #fueravenezolanos  #FueraVenecos https://t.co/XE87kUPWWO",falarcondu,"['xenofobia', 'harto', 'venir', 'malo', 'extranjero', 'querer', 'hacer', 'dar', 'ganar', 'pais', 'ajeno', 'fueravenezolano', 'fueraveneco']"
83,83,2021-02-16 05:26:01+00:00,1361547357544972290,"https://t.co/2lEZ71PZQX deberiamos hacer lo mismo que Brasil ya que las autoridades estan mas preocupadas en vacunarse, es muy injusto y cobarde lo que han hecho esas lacras de gente, al joven huanuque√±o #fueravenezolanos",SueBrave2107,"['deber', 'hacer', 'mismo', 'brasil', 'autoridad', 'estar', 'mas', 'preocupado', 'vacunar', '√©l', 'injusto', 'cobarde', 'hecho', 'lacra', 'gente', 'joven', 'huanuqueno', 'fueravenezolano']"
84,84,2021-02-15 18:36:26+00:00,1361383885989412867,"Y AHORA QUE DIRAN LA PRENSE BASURA? 
#LoUltimo #FueraVenezolanos #Per√∫Limpio
https://t.co/VWynoN7S69",Bruno66465925,"['ahora', 'decir', 'prense', 'basura', 'loultimo', 'fueravenezano', 'perulimpio']"
85,85,2021-02-15 17:39:52+00:00,1361369650848800771,@exitosape #FueraVenezolanos,JonasLibertario,['fueravenezano']
86,86,2021-02-15 15:42:48+00:00,1361340189986152455,@informateperu @Ginzux #FueraVenezolanos,JonasLibertario,['fueravenezano']
87,87,2021-02-15 12:09:52+00:00,1361286602102824961,@24HorasTVN Me autodenuncie? Se las saben todas como entrar y esta prensa wueona nuevamente dando noticias para dar lastima con esta gente. #FueraVenezolanos #FueraIlegalesDeChile,carolinada_29,"['autodenuncie', 'saber', 'todo', 'entrar', 'prensa', 'wueono', 'nuevamente', 'dar', 'noticia', 'dar', 'lastima', 'gente', 'fueravenezolano', 'fuerailegalesdechile']"
88,88,2021-02-15 05:34:37+00:00,1361187137668980736,@tromepe Basuras venezolanas estamos hartos de ustedes. #FueraVenezolanos,Rovhi,"['basura', 'venezolano', 'harto', 't√∫', 'fueravenezolano']"
89,89,2021-02-14 00:14:38+00:00,1360744222693990400,"@tita_novoa RARO.....Y no se quedan en ninguno....insisten en Chile y cagarle la vida a ciudadanos DECENTES.
#fueravenezolanos Exijan al dictador de su casa a esta mierda @NicolasMaduro 
La gente decente no exige en aquel pa√≠s que no es el suyo, se adapta HUMILDEMENTE a sus leyes y normas.",De_otros_mundos,"['raroy', 'quedar', 'ningunoinsisten', 'chile', 'cagar', '√©l', 'vida', 'ciudadano', 'decente', 'fueravenezolano', 'exigir', 'dictador', 'casa', 'mierda', 'gente', 'decente', 'exigir', 'aquel', 'pais', 'adaptar', 'humildemente', 'ley', 'norma']"
90,90,2021-02-13 23:31:08+00:00,1360733276537843714,"@Fabita_Patriota @tita_novoa Sr Berr√≠os y jesuitas esto es lo q est√° entrando a nuestro pa√≠s.Avalados por uds sin pensar w la gente decente y tranquila debe sufrir los asaltos de estos TERRORISTAS ( no s√© si colombianos o haitianos.
Es JUSTO para nuestro pa√≠s?
#FueraIlegalesDeChile 

#fueravenezolanos",Ana63490092,"['sr', 'berrio', 'jesuita', 'entrar', 'paisavalado', 'ud', 'pensar', 'gente', 'decente', 'tranquilo', 'deber', 'sufrir', 'asalto', 'terrorista', 'si', 'colombiano', 'haitiano', 'justo', 'paar', 'fuerailegalesdechile', 'fueravenezolano']"
91,91,2021-02-13 02:44:03+00:00,1360419435878768646,@CNNChile #FueraVenezolanos,Pietro9462,['fueravenezano']
92,92,2021-02-12 23:39:44+00:00,1360373049942548486,"#FueraVenezolanos
Ya estoy arta de tanta delincuencia en Peru, sobre todo por los venezolanos.",Fatima199617,"['fueravenezano', 'artar', 'tanto', 'delincuencia', 'peru', 'venezolano']"
93,93,2021-02-11 15:06:56+00:00,1359881611769176065,@24HorasTVN #FueraVenezolanos,Andresss310,['fueravenezano']
94,94,2021-02-11 05:12:42+00:00,1359732070050893825,@PTV_Noticias #FueraVenezolanos,Rovhi,['fueravenezano']
95,95,2021-02-11 02:48:58+00:00,1359695897005875200,@camilaemiliasv La caridad empieza por casa #fueravenezolanos,Patrici16737670,"['caridad', 'empezar', 'casa', 'fueravenezolano']"
96,96,2021-02-11 02:15:59+00:00,1359687597266767877,"@maylwino Los #venezolanosenchile eligieron libremente el modelo econ√≥mico, q se haya convertido en una mierda es problema de ellos, por lo q #FueraIlegalesDeChile #FueraVenezolanos",NoComulgo,"['venezolanosenchile', 'elegir', 'libremente', 'modelo', 'economico', 'convertido', 'mierda', 'problema', 'fuerailegalesdechile', 'fueravenezolano']"
97,97,2021-02-11 01:43:06+00:00,1359679322815160322,"@Guarequena Chavista seguidora de la ONU y el NOM.
Ya la veremos haciendo valer los tratados
A√∫n tenemos Patria. 
#fueravenezolanos",KnightT23869505,"['chavista', 'seguidor', 'onu', 'nom', 'ver', 'hacer', 'valer', 'tratado', 'aun', 'patria', 'fueravenezolano']"
98,98,2021-02-10 22:19:46+00:00,1359628151446528002,"@danieljadue Lo que es macabro es cruzar parte del continente con ni√±os caminado para llegar a un capitalista como el nuestro y por qu√© no se quedan en Per√∫, Ecuador, Bolivia, colombia. Justa se vienen a chile raro.
#FueraIlegalesDeChile #fueravenezolanos",Black_12021,"['macabro', 'cruzar', 'parte', 'continente', 'nino', 'caminado', 'llegar', 'capitalista', 'quedar', 'peru', 'ecuador', 'bolivia', 'colombio', 'justo', 'venir', 'chile', 'raro', 'fuerailegalesdechile', 'fueravenezolano']"
99,99,2021-02-10 04:36:03+00:00,1359360456104833026,"@TVN 
#fueravenezolanos  de Chile CTM !$",Andresss310,"['fueravenezolano', 'chile', 'ctm']"
100,100,2021-02-10 01:43:34+00:00,1359317050930438144,"@petrogustavo Senador, mi presidente. Ud cree que el gobierno de Uribe no trama algo con legalizar a los venezolanos. En un principio dir√°n no tienen derecho al voto pero en un futuro a elecciones har√°n su trampa. #votopopular #noalalegalizacion #fueravenezolanos",ronal_aguiilar,"['senador', 'presidente', 'ud', 'creer', 'gobierno', 'uribe', 'trama', 'legalizar', 'venezolano', 'principio', 'decir', 'derecho', 'voto', 'futuro', 'elecci√≥n', 'hacer', 'trampa', 'votopopular', 'noalalegalizacion', 'fueravenezolano']"
101,101,2021-02-09 22:17:29+00:00,1359265187132440578,"#fueravenezolanos
#FueraComunistasDeChile https://t.co/W6UvMAtO64",Chilehablo,"['fueravenezano', 'fueracomunistasdechile']"
102,102,2021-02-09 17:23:19+00:00,1359191157188755469,"Aprende Pi√±era, por eso vitamins por ti. Los inmigrantes han traido delincuencia, droga, ruidos y colapso sistemas p√∫blicos. #NoMasInmigrantes #ChilenosPrimero #fueravenezolanos #fuerahaitianos https://t.co/nUANlqFPmi",mely_morgan,"['aprender', 'pinera', 'vitamin', 'inmigrante', 'traido', 'delincuencia', 'droga', 'ruido', 'colapso', 'sistema', 'publico', 'nomasinmigrante', 'chilenosprimero', 'fueravenezolano', 'fuerahaitiano']"
103,103,2021-02-09 16:52:01+00:00,1359183281074372616,"Como siempre el gobierno actuando tarde, venimos diciendo hace a√±os lo de la inmigraci√≥n masiva y descontrolada. #NoMasInmigrantes #fueravenezolanos https://t.co/ot14rYAZhB",mely_morgan,"['siempre', 'gobierno', 'actuar', 'tarde', 'venir', 'decir', 'hacer', 'ano', 'inmigracion', 'masivo', 'descontrolado', 'nomasinmigrante', 'fueravenezolano']"
104,104,2021-02-09 16:03:09+00:00,1359170985325432841,@VnezuelaEnChile A quien robaran ahora??? La casa de quien se robaran y a quien dejar√°n sin vacuna? Largo de mi pa√≠s mierdas ! #fueravenezolanos,UnTipoBueno2,"['robar', 'ahora', 'casa', 'robar', 'dejar', 'vacuna', 'largo', 'pais', 'mierda', 'fueravenezolano']"
105,105,2021-02-09 13:36:00+00:00,1359133950808117248,@elmostrador #fueravenezolanos,Andresss310,['fueravenezano']
106,106,2021-02-09 13:35:13+00:00,1359133756641148931,@meganoticiascl #fueravenezolanos,Andresss310,['fueravenezano']
107,107,2021-02-09 12:19:19+00:00,1359114656791613446,"#BuenosD√≠asTVN: vamos a hablar de los venezolanos para que la gente empatice con ellos y dejemos que entren todos al pa√≠s.
La gente en Twitter que ve #BuenosDiasTVN: #FueraVenezolanos",Epilectric,"['buenosdiastvn', 'ir', 'hablar', 'venezolano', 'gente', 'empatice', 'dejar', 'entrar', 'pais', 'gente', 'twitter', 'ver', 'buenosdiastvn', 'fueravenezolano']"
108,108,2021-02-09 12:15:16+00:00,1359113635138838529,"#BuenosDiasTVN
#FUERAVENEZOLANOS
üí©üí©üí©üí©üí©üí©üí©üí©",Andresss310,"['buenosdiastvn', 'fueravenezano']"
109,109,2021-02-09 03:51:31+00:00,1358986861721575426,"üò± Todo fue planeado... Todo ! ü§¨
#Panguipulli
üí™üí™üí™üí™üá®üá±üá®üá±üá®üá±üá®üá±üôè
@Carabdechile üíö
 @PDI_CHILE @PJudicialChile @GobiernodeChile @sebastianpinera @24HorasTVN @meganoticiascl @CHVNoticias @LaRedTV  
#FueraVenezolanos
#FueraIlegalesDeChile https://t.co/HCDIa8evGZ",0808any,"['planeado', 'panguipulli', 'fueravenezolano', 'fuerailegalesdechile']"
110,110,2021-02-08 22:21:43+00:00,1358903867707113476,#fueravenezolanos https://t.co/acVRELC00u,camiloguquin,['fueravenezano']
111,111,2021-02-08 14:21:03+00:00,1358782901513551872,"@DerechaNews @soniacabezas @Ejercito_Chile @Armada_Chile @Carabdechile Haitialdo Mu√±oz se, quedo sin Internet parece, al igual que la guatona....

Ac√° est√°n los turistas de estos irresponsable destruyendo nuestro pa√≠s y nuestro patrimonio...

#fueravenezolanos
#nomasturistasvenezolanos
#nomasilegales",capacitamineria,"['haitildar', 'munoz', 'quedar', 'internet', 'parecer', 'igual', 'guatona', 'aca', 'estar', 'turista', 'irresponsable', 'destruir', 'pais', 'patrimonio', 'fueravenezolano', 'nomasturistasvesvesezano', 'nomasilegal']"
112,112,2021-02-08 02:46:35+00:00,1358608132243681282,"#PautaLibre
#FUERAVENEZOLANOS !! üò°",Andresss310,"['pautalibre', 'fueravenezano']"
113,113,2021-02-08 02:42:10+00:00,1358607020748918786,"#PautaLibre
#FueraVenezolanos 
Todos son unos Frescos de Raja !!
üò°üò°üò°",Andresss310,"['pautalibrir', 'fueravenezano', 'fresco', 'raja']"
114,114,2021-02-07 22:50:07+00:00,1358548625719181312,"@Poracando @guillier @illapu @gonzalowinter @inddhh Que impotencia y rabia üò§üò§üò§ü§¨ü§¨ü§¨ü§¨  @sebastianpinera el culpable que cualquier üí©üí©üí©üí©üí© basuree y falte el respeto a nuestros  Carabineros. 
#YoApoyoACarabineros üíöüíöüíö
#FuerzaCarabineros üí™üí™üá®üá±üá®üá±
#FueraVenezolanos

#AguanteCarabinerosDeChile üí™üíö
#YoApoyoACarabineros",0808any,"['impotencia', 'rabia', 'culpable', 'cualquiera', 'basuree', 'faltar', 'respeto', 'carabinero', 'yoapoyoacarabines', 'fuerzacarabines', 'fueravenezolano', 'aguantecarabinerosdechile', 'yoapoyoacarabines']"
115,115,2021-02-07 22:43:59+00:00,1358547080084680707,@canalN_ Qu√©? osea que ahora si atrapan a estas basuras venezolanas o los sueltan al d√≠a siguiente o los meten a la carcel y les damos de tragar gratis? A la primera hay que expulsar a estas basuras venezolanas. #FueraVenezolanos,Rovhi,"['osear', 'ahora', 'si', 'atrapar', 'basura', 'venezolano', 'soltar', 'dia', 'siguiente', 'meter', 'carcel', 'dar', 'tragar', 'gratis', 'primero', 'expulsar', 'basura', 'venezolano', 'fueravenezolano']"
116,116,2021-02-07 17:12:59+00:00,1358463780750000129,"@rmabr @thecliniccl Ojal√° que no ...
#fueravenezolanos",duartefrancia,"['ojalar', 'fueravenezano']"
117,117,2021-02-07 16:51:29+00:00,1358458371146457090,@thecliniccl #FueraVenezolanos,Andresss310,['fueravenezano']
118,118,2021-02-07 03:19:19+00:00,1358253983463268358,@MigracionCol #fueravenezolanos necesitamos polic√≠a migratoria para sacar a los.venezo√±anos de Colombia,colombiana110,"['fueravenezano', 'necesitar', 'policia', 'migratorio', 'sacar', 'losvenenonano', 'colombio']"
119,119,2021-02-07 03:04:42+00:00,1358250303406149635,#fueravenezolanos necesitamos que los saquen del pa√≠s,colombiana110,"['fueravenezano', 'necesitar', 'sacar', 'pais']"
120,120,2021-02-07 01:35:19+00:00,1358227810926616576,"Malditos pakistanes e islam viniendo a mi isla disque de ""Turismo"" nosean estupidos vienen a poner bombas FUERA DE MI PAIS SOY MAZON A MI NO ME COGEN #fueravenezolanos #ViejoMentiroso @_rnpm_ @angelyadiel_ @gallero4life_",Jose_NiggaLiker,"['maldito', 'pakist√°n', 'islam', 'vinir', 'isla', 'disque', 'turismo', 'noseer', 'estupido', 'venir', 'poner', 'bomba', 'pais', 'mazon', 'coger', 'fueravenezano', 'viejomentiroso']"
121,121,2021-02-06 01:15:12+00:00,1357860360741650433,[VIDEO] Pobladora de Colchane denunci√≥ que desvalijaron tres casas de esa comuna https://t.co/uBX3o0ECk0 #colchane #ColchaneSomosTodos #FueraIlegalesDeChile #fueravenezolanos,Lgarciaja,"['video', 'poblador', 'colchane', 'denunciar', 'desvalijar', 'tres', 'casa', 'comuna', 'colchane', 'colchanesomomtodo', 'fuerailegalesdechile', 'fueravenezolano']"
122,122,2021-02-06 01:11:25+00:00,1357859409347702786,https://t.co/Cs4esnnJns #colchane #ColchaneSomosTodos #GobiernoDeInutiles #fueravenezolanos,Lgarciaja,"['colchane', 'colchanesomomtodo', 'gobiernodeinutiles', 'fueravenezolano']"
123,123,2021-02-06 01:10:04+00:00,1357859068195577868,https://t.co/Cs4esnnJns #ColchaneSomosTodos #colchane #FueraIlegalesDeChile #fueravenezolanos,Lgarciaja,"['colchanesomomtodo', 'colchane', 'fuerailegalesdechile', 'fueravenezolano']"
124,124,2021-02-05 20:27:52+00:00,1357788052333072385,"#FueraComunistasDeChile
#FueraVenezolanos
que se creen estos idiotas de los venezolanos!
V√°yanse todos los weones no los queremos en Chile!
Dejen de molestar a nuestra gente! no vengan! V√°yanse! https://t.co/RJhLpw8YKB",Chilehablo,"['fueracomunistasdechile', 'fueravenezolano', 'creer', 'idiota', 'venezolano', 'vayar', 'we√≥n', 'querer', 'chile', 'dejar', 'molestar', 'gente', 'venir', 'vayar']"
125,125,2021-02-05 19:39:37+00:00,1357775908204077067,"La derecha estaba feliz con los venezolanos...qu√© dicen ahora??

@JaquelineVanR

#FueraVenezolanos
#FuerzaColchane",Maritxu508,"['derecha', 'feliz', 'venezolanosque', 'decir', 'ahora', 'fueravenezano', 'fuerzacolchane']"
126,126,2021-02-05 19:11:02+00:00,1357768716239388675,"#FueraVenezolanos

#FuerzaColchane",Maritxu508,"['fueravenezano', 'fuerzar']"
127,127,2021-02-05 17:45:45+00:00,1357747254577278983,"Lo que sucede en Colchane no es nada m√°s que culpa DEL GOBIERNO, dijeron haber CERRADO LAS FRONTERAS, pero es m√°s falso que el beso de Judas, VENEZOLANOS LEAN ESTO, V√ÅYANSE A SU PA√çS, LADRONES, APROVECHADOS Y EMBUSTEROS!

#FueraVenezolanos
#FueraIlegalesDeChile 
#FueraInmigrantes",MissEvelynna08,"['suceder', 'colchane', 'mas', 'culpa', 'gobierno', 'decir', 'haber', 'cerrar', 'frontera', 'mas', 'falso', 'beso', 'juda', 'venezolano', 'leer', 'vayar', 'pais', 'ladr√≥n', 'aprovechado', 'embustero', 'fueravenezolano', 'fuerailegalesdechile', 'fuerainmigrante']"
128,128,2021-02-05 13:25:25+00:00,1357681736885428227,"@sebas_tiger5 Le√≠ por ah√≠ que @NicolasMaduro dejo salir de la c√°rcel a los presos y estos son los que nos est√°n invadiendo a todo Latam, por eso ya no es el mismo perfil de venezolanos que estamos viendo en Chile #NoMasInmigracionIlegal #fueravenezolanos",andreabravos,"['lei', 'ahi', 'dejar', 'salir', 'carcel', 'preso', 'estar', 'invadir', 'latam', 'mismo', 'perfil', 'venezolano', 'ver', 'chile', 'nomasinmigracionilegal', 'fueravenezolano']"
129,129,2021-02-05 12:54:52+00:00,1357674050731069444,"Aqu√≠ otro  ""humilde""  venezolano 
üò§üò§üò§ü§¨ü§¨ü§¨ü§¨ü§¨ü§¨
#fueravenezolanos #FueraIlegalesDeChile
#Pi√±eraTraidor https://t.co/RxeHCz8swb",0808any,"['aqui', 'humilde', 'venezolano', 'fueravenezolano', 'fuerailegalesdechile', 'pineratraidor']"
130,130,2021-02-05 12:00:53+00:00,1357660463518142467,"Las üêÄüêÄüêÄ Comunistas y Frente Amplio son los Culpables de invasi√≥n sin control de inmigrantes a Chile #Pi√±eraTraidor #KastRecuperaChile #FueraIlegalesDeChile #fueravenezolanos 
 #Bienvenidos13 #ContigoCHV
#MuchoGustoMega #BuenosDiasTVN @HolaChileLaRed https://t.co/yvC7oSliTc",0808any,"['comunista', 'frente', 'amplio', 'culpable', 'invasion', 'control', 'inmigrante', 'chile', 'pineratraidor', 'kastrecuperachile', 'fuerailegalesdechile', 'fueravenezolano', 'bienvenido', 'contigochv', 'muchogustomega', 'buenosdiastvn']"
131,131,2021-02-05 11:45:05+00:00,1357656487687028737,@ClaudiaLopez La Ciudad necesita inmediatez con la e radicaci√≥n de venezolanos que vienen a robar y a matar #fueravenezolanos de #bogota,JennyAngelica5,"['ciudad', 'necesitar', 'inmediatez', 'radicacion', 'venezolano', 'venir', 'robar', 'matar', 'fueravenezano', 'bogoto']"
132,132,2021-02-05 11:43:53+00:00,1357656184203980805,"@ClaudiaLopez @PoliciaBogota @IvanDuque no m√°s robos de venezolanos en nuestra ciudad. Mano dura y extraditacion, no mas flexibilidad con √®stas ratas #atracosenbogota #motos #fueravenezolanos",JennyAngelica5,"['mas', 'robo', 'venezolano', 'ciudad', 'mano', 'duro', 'extraditacion', 'mas', 'flexibilidad', 'rata', 'atracosenbogonar', 'moto', 'fueravenezolano']"
133,133,2021-02-05 09:16:25+00:00,1357619075011149826,"@meganoticiascl Si saben que invaden no vengan.
Si saben que har√°n problemas no vengan.
Si saben que molestan no vengan.
Ustedes votaron por el asqueroso de Maduro y ahi esta el resultado.
#FueraComunistasDeChile
#fueravenezolanos",Chilehablo,"['si', 'saber', 'invadir', 'venir', 'si', 'saber', 'hacer', 'problema', 'venir', 'si', 'saber', 'molestar', 'venir', 't√∫', 'votar', 'asqueroso', 'maduro', 'ahi', 'resultado', 'fueracomunistasdechile', 'fueravenezolano']"
134,134,2021-02-05 05:17:55+00:00,1357559056001597440,Me importa nada DDHH... MALDIT@S y la C... #fueravenezolanos #ChileUnidoAvanza #CongresoVerguenzaNacional #FueraMigrantes https://t.co/VPeJxUhhex,ngela81245621,"['importar', 'ddhh', 'maldit', 'fueravenezolano', 'chileunidoavanza', 'congresoverguenzanacional', 'fueramigrante']"
135,135,2021-02-05 05:11:27+00:00,1357557428288688129,"#FueraVenezolanos
Lo peor de todo con estos #venezolanos es que no son trigo limpio, son gentuza horrenda e ignorante resentidos con la vida, pretenciosos que se quedaron sin pais y se vienen a hacer los sicarios y matones exigiendo derechos antes que respetar sus obligaciones‚ùó",Javier98094787,"['fueravenezano', 'peor', 'venezolano', 'trigo', 'limpio', 'gentuza', 'horrendo', 'ignorante', 'resentido', 'vida', 'pretencioso', 'quedar', 'pais', 'venir', 'hacer', 'sicario', 'mat√≥n', 'exigir', 'derecho', 'respetar', 'obligaci√≥n']"
136,136,2021-02-05 04:31:25+00:00,1357547353813745668,"@Don_EstebanDido @magdalena355 Ese es el problema, los delincuentes tienen m√°s derechos q la ciudadan√≠a incluso q carabineros... #fueravenezolanos #FueraIlegalesDeChile #Inmigraci√≥nIlegalDesatada",Mari3laPaz,"['problema', 'delincuente', 'mas', 'derecho', 'ciudadaniar', 'incluso', 'carabinero', 'fueravenezolano', 'fuerailegalesdechile', 'inmigracionilegado']"
137,137,2021-02-05 04:23:00+00:00,1357545233102348290,ü§¨ü§¨ü§¨ü§¨ü§¨ü§¢ü§¢ü§¢ü§¢ü§Æü§Æü§Æü§Æü§Æüò≠üò≠üò≠üò≠üò≠ @AldoDuqueSantos #FueraIlegalesDeChile #fueravenezolanos https://t.co/r8TDYvs8sh,nicomaxza,"['fuerailegalesdechile', 'fueravenezolano']"
138,138,2021-02-05 04:09:40+00:00,1357541877881446401,Y que le parece @AldoDuqueSantos el z√°ngano traidor de @sebastianpinera nuevamente se rie y vomita en la cara de todos los chilenos #FueraIlegalesDeChile #fueravenezolanos https://t.co/r8TDYvs8sh,nicomaxza,"['parecer', 'zangano', 'traidor', 'nuevamente', 're√≠r', 'vomitar', 'cara', 'chileno', 'fuerailegalesdechile', 'fueravenezolano']"
139,139,2021-02-05 03:23:24+00:00,1357530237597343745,#fueravenezolanos https://t.co/1otKBzRZBa,yayy21,['fueravenezano']
140,140,2021-02-05 00:50:36+00:00,1357491781982703616,#KastRecuperaChile #FueraIlegalesDeChile #fueravenezolanos @sebastianpinera @GobiernodeChile @min_interior @T13  @24HorasTVN  @meganoticiascl @CHVNoticias @LaRedTV https://t.co/AyO8Y8oymB,0808any,"['kastrecuperachile', 'fuerailegalesdechile', 'fueravenezolano']"
141,141,2021-02-04 20:32:57+00:00,1357426942568521729,"Ufff ! üôÑNeme ü§¨ü§¨  
#fueranemedelared #LaTardeConHolaChile
#FueraIlegalesDeChile
#fueravenezolanos https://t.co/omybBNR9nj",0808any,"['uff', 'neme', 'fueranemedelared', 'latardeconholachile', 'fuerailegalesdechile', 'fueravenezolano']"
142,142,2021-02-04 20:26:45+00:00,1357425382702612480,"Muy bien el abogado Claudio Rojas, siempre diciendo las cosas como son üí™üëèüëèüëèüëèüëèüëèüëèüëè 
 #LaTardeConHolaChile

#FueraIlegalesDeChile 
#fueravenezolanos",0808any,"['bien', 'abogado', 'claudio', 'rojo', 'siempre', 'decir', 'cosa', 'latardeconholachile', 'fuerailegalesdechile', 'fueravenezolano']"
143,143,2021-02-04 19:02:35+00:00,1357404198984425472,"#InmigracionIlegalDesatada 
#FueraIlegalesDeChile 
#fueravenezolanos https://t.co/2Ivf4sCPfq",KingAQ80,"['inmigracionilegado', 'fuerailegalesdechile', 'fueravenezolano']"
144,144,2021-02-04 16:04:56+00:00,1357359495429636107,"#FueraIlegalesDeChile 
#fueravenezolanos 
@SanBorjaSCL @SandranellyF @Carito_Paola @Florencia_Pink @AndreaLory85",KingAQ80,"['fuerailegalesdechile', 'fueravenezolano']"
145,145,2021-02-04 16:03:51+00:00,1357359222988627970,"#FueraIlegalesDeChile 
#FueraIlegalesDeChile 
#fueravenezolanos https://t.co/H8qyMK0qNo",KingAQ80,"['fuerailegalesdechile', 'fuerailegalesdechile', 'fueravenezolano']"
146,146,2021-02-04 15:02:51+00:00,1357343871265501185,"#FueraIlegalesDeChile 
#fueravenezolanos https://t.co/rj59I1T7qJ",KingAQ80,"['fuerailegalesdechile', 'fueravenezolano']"
147,147,2021-02-04 15:02:34+00:00,1357343800234893316,"#FueraIlegalesDeChile 
#fueravenezolanos https://t.co/OlrvV1rpcv",KingAQ80,"['fuerailegalesdechile', 'fueravenezolano']"
148,148,2021-02-04 14:06:35+00:00,1357329709495947269,"Nos fuimos a la mierda con Ministros como √©ste. 

#FueraIlegalesDeChile 
#fueraVenezolanos 
#FueraDominicanos

#ChilenosPrimeroSiempre https://t.co/Jv0Nqy6cs6",mazingerz2005,"['mierda', 'ministro', 'fuerailegalesdechile', 'fueravenezolano', 'fueradominicano', 'chilenosprimerosiempre']"
149,149,2021-02-04 13:43:56+00:00,1357324008291590147,"Gracias por exportar su narco cultura bananera. Claramente los üáªüá™ no salen de su pa√≠s por hambre, salen xk ni su propio pa√≠s los soporta y de seguro huyen de la justicia. #FueraIlegalesDeChile #fueravenezolanos https://t.co/Wo36BSrD9O",nicomaxza,"['gracias', 'exportar', 'narco', 'cultura', 'bananero', 'claramente', 'salir', 'pais', 'hambre', 'salir', 'xk', 'propio', 'pais', 'soportar', 'seguro', 'huir', 'justicia', 'fuerailegalesdechile', 'fueravenezolano']"
150,150,2021-02-04 01:44:39+00:00,1357142998107226112,"#FueraIlegalesDeChile
#FueraVenezolanos
#CerrarFronteras
@GobiernodeChile 
@RodrigoDelgadoM https://t.co/U4wxwU32GN",p_etna,"['fuerailegalesdechile', 'fueravenezolano', 'cerrarfronter']"
151,151,2021-02-04 01:33:09+00:00,1357140101676077068,@sebastianpinera #fueravenezolanos,SSAF_AL,['fueravenezano']
152,152,2021-02-04 01:07:02+00:00,1357133529902157824,@sebastianpinera Este tambi√©n ser√≠a un gran d√≠a #fueravenezolanos  #NoMasInmigracionIlegal,pattychile73,"['tambien', 'serio', 'gran', 'dia', 'fueravenezolano', 'nomasinmigracionilegal']"
153,153,2021-02-04 00:57:30+00:00,1357131129485217793,"@GatitaPatriota @guarenespacial @LEOPARDO_WN @jorgesolimano Ya lo dijo el Alcalde d Stgo q los ilegales tambi√©n vacunarse.
Cada vez un ilegal se adue√±a d Chile, nos est√°n quitando las casas, nos quitan beneficios y ahora nos quitan la opci√≥n d m√°s Chilenos se puedan vacunar
#fueravenezolanos
#FueraInmigrantes",Marceaguas,"['decir', 'alcalde', 'stgo', 'ilegal', 'tambien', 'vacunar', '√©l', 'cada', 'vez', 'ilegal', 'aduen', 'chile', 'estar', 'quitar', 'casa', 'quitar', 'beneficio', 'ahora', 'quitar', 'opcion', 'mas', 'chileno', 'poder', 'vacunar', 'fueravenezano', 'fuerainmigrante']"
154,154,2021-02-04 00:56:34+00:00,1357130896210620416,"Terrible ,#fueravenezolanos https://t.co/vB3bKh0T4U",Felipem587,"['terrible', 'fueravenezano']"
155,155,2021-02-04 00:54:46+00:00,1357130441459970049,#fueravenezolanos #FueraIlegalesDeChile https://t.co/23F0rVLgg4,Gaviotaeverton,"['fueravenezano', 'fuerailegalesdechile']"
156,156,2021-02-04 00:36:28+00:00,1357125839603855361,#fueravenezolanos https://t.co/pPOGoeydkd,Antonio23683527,['fueravenezano']
157,157,2021-02-04 00:33:16+00:00,1357125033919938566,"No es sufiente el da√±o irreparable q le hiciste al pa√≠s, no te basto con someter a vivir en la injusticia,indignidad e inequidad. TRAIDOR Y CORRUPTO!!! @sebastianpinera #fueravenezolanos #FueraInmigrantes https://t.co/i4tXK6nnP0",nicomaxza,"['sufiente', 'dano', 'irreparable', 'hicistir', 'pais', 'basto', 'someter', 'vivir', 'injusticiaindignidad', 'inequidad', 'traidor', 'corrupto', 'fueravenezolano', 'fuerainmigrante']"
158,158,2021-02-04 00:03:12+00:00,1357117463868166145,Weon 1600 ilegales en la calle hagan algo #pi√±era #fueravenezolanos https://t.co/qo5iWoE5Pl,melocontounami,"['weon', 'ilegal', 'calle', 'hacer', 'pinera', 'fueravenezano']"
159,159,2021-02-03 21:00:50+00:00,1357071573526732800,"@INFORMADORCHILE No faltara quien los defienda , diciendo pobresitos no tienen donde vivir ¬°¬°
Devuelvan a todos esos delincuentes y no digan que no , porque si ellos fueran personas de bien no se tomar√≠an las viviendas de los lugare√±os #fueravenezolanos",claugomezn,"['faltar', 'defender', 'decir', 'pobresito', 'vivir', '!', '!', 'devolver', 'delincuente', 'decir', 'si', 'persona', 'bien', 'tomarian', 'vivienda', 'lugareno', 'fueravenezolano']"
160,160,2021-02-03 20:46:16+00:00,1357067905318404096,#FueraVenezolanos que se toman casas de nuestros Aymaras,MADE_NOTICIAS,"['fueravenezano', 'tomar', 'casa', 'aymaro']"
161,161,2021-02-03 12:22:24+00:00,1356941102893400066,@VittTa @papademihijo Horror ! #fueravenezolanos #Colchane #ColchaneSomosTodos,fran_magnu,"['horror', 'fueravenezolano', 'colchane', 'colchanesomomtodo']"
162,162,2021-02-03 04:43:37+00:00,1356825648099192833,"@KIARAELEROY1 @Armada_Chile Alguien q les regale armamento inscrito a los pobladores de colchane y empiecen a dar plomo a est√°s lacras q vienen solo a delinquir y destruir a gente honrada, trabajadora, y q con esfuerzo tiene sus bienes #fueravenezolanos ilegales y delincuentes",elvisjohn,"['alguien', 'regalar', 'armamento', 'inscribir', 'poblador', 'colchane', 'empezar', 'dar', 'plomo', 'lacra', 'venir', 'solo', 'delinquir', 'destruir', 'gente', 'honrado', 'trabajador', 'q', 'esfuerzo', 'bien', 'fueravenezolano', 'ilegal', 'delincuente']"
163,163,2021-02-03 04:40:30+00:00,1356824864036904960,#sebastianpi√±era #fueravenezolanos  HASTA.CUANDOOOOOO!!!!! x la ptm!!!,FranIkke,"['sebastianpinera', 'fueravenezolano', 'hastacuar', 'ptm']"
164,164,2021-02-03 04:36:17+00:00,1356823802483793920,@_casaajena @Gore_Tarapaca @MAngelQuezada @jedenatarapaca CHILE POH . #FUERA DE TARAPACA @MAngelQuezada END√ìFOBO ANTIPATRIOTA  Y TRAFICANTE DE INVASORES VENEZOLANOS DESTRUCTORES DE PA√çSES .#fueravenezolanos @Guarequena,juanher37841433,"['chile', 'poh', 'tarapaca', 'endofobo', 'antipatriota', 'traficante', 'invasor', 'venezolano', 'destructor', 'pais', 'fueravenezolano']"
165,165,2021-02-03 04:02:28+00:00,1356815290663915520,"@T13 @t13 en colchane hay m√°s de 1mil venezolanos!! Y OJO QUE SOLO INGRESARON AYER Y TODOS LOS D√çAS INGRESAN ENTRE 500 Y 1000
#fueravenezolanos",anhy677,"['colchane', 'mas', 'mil', 'venezolano', 'ojo', 'solo', 'ingresar', 'ayer', 'dia', 'ingresar', 'fueravenezano']"
166,166,2021-02-03 01:10:39+00:00,1356772053681061888,"#FueraIlegalesDeChile ... Y m√°s encima gratis se van a albergues, gratis comida y transporte. @GobiernodeChile no le interesa solucionar la migraci√≥n. @RodrigoDelgadoM ir√° a la frontera a darles la mano y bienvenida. #FueraVenezolanos",carolinada_29,"['fuerailegalesdechile', 'mas', 'encima', 'gratis', 'ir', 'albergue', 'gratis', 'comida', 'transporte', 'interesar', 'solucionar', 'migracion', 'ira', 'frontera', 'dar', '√©l', 'mano', 'bienvenida', 'fueravenezolano']"
167,167,2021-02-03 00:40:15+00:00,1356764399910989828,"#fueravenezolanos
Chao!! Fuera de Chile!!!",catalinsforza,"['fueravenezano', 'chao', 'chile']"
168,168,2021-02-03 00:38:44+00:00,1356764018258632705,#FueraVenezolanos  #FueraIlegalesDeChile,PolloroLLoron,"['fueravenezano', 'fuerailegalesdechile']"
169,169,2021-02-02 21:58:08+00:00,1356723605577564161,"#FueraIlegalesDeChile #FueraIlegalesDeChile 
#FueraVenezolanos",nostradamus_hmr,"['fuerailegalesdechile', 'fuerailegalesdechile', 'fueravenezolano']"
170,170,2021-02-01 20:19:38+00:00,1356336429325033476,POR FAVOR HASTA CUANDO ....PI√ëERA PONTE LOS PANTALONES #FUERAVENEZOLANOS https://t.co/nbDkzr7YbK,Veronic21956282,"['favor', 'pinerar', 'poner', 'pantal√≥n', 'fueravenezolano']"
171,171,2021-01-31 18:17:18+00:00,1355943251908456451,"Fuera venecos, fuera venezolanos. exigimos a autoridades actuar con pu√±o de hierro contra estos HPtas ratas
@mindefensa
@AlcRionegro
@infopresidencia
@nutrydar
@ElVenezolanoCo
@MiOriente
@QuinteroCalle
@PoliciaBogota 
@PoliciaColombia 
#fueravenecos
#fueravenezolanos https://t.co/x1ZsVNmgQD",jorgehgiraldo,"['veneco', 'venezolano', 'exigir', 'autoridad', 'actuar', 'puno', 'hierro', 'hpto', 'rata', 'fueraveneco', 'fueravenezolano']"
172,172,2021-01-30 21:50:57+00:00,1355634630830018561,"@PaulitaKiel @jguaido @AlejandroFedeli @ALETEMP @SebastianBlasG2 @betotallon @olivera_carp14 @clau69medina @DanielKozigian @DanyMessina @Rodolfollanosok @CarlitaForte @QOOLPress Para evitar que nos descalifiquen victimizandose calificandonos de ""Xebofobos"" permitime adherirme a #FueraVenezolanos con la invitacion a toda Mujer y Hombre DE BUENA VOLUNTAD que quiera habitar suelo Argentino estableciendose para siempre trabajando dignamente PAGANDO IMPUESTOS",Javier98094787,"['evitar', 'descalificar', 'victimizar', '√©l', 'calificar', 'yo', 'xebofobo', 'permitime', 'adherir', 'yo', 'fueravenezolano', 'invitacion', 'todo', 'mujer', 'hombre', 'buen', 'voluntad', 'querer', 'habitar', 'suelo', 'argentino', 'establecer', '√©l', 'siempre', 'trabajar', 'dignamente', 'pagar', 'impuesto']"
173,173,2021-01-29 15:24:51+00:00,1355175077512421381,@exitosape #FueraVenezolanos,danivigo,['fueravenezano']
174,174,2021-01-29 00:39:49+00:00,1354952352760008708,"@HoyEstado @PalmeiraCruz_ @SRE_mx @m_ebrard Que las echen del pa√≠s ,como los argentinos muertos de hambre que eran bailarines de tango de la condesa  , #fueravenezolanos todos que se vayan , ya estuvo bueno #mexicanpower #orgullomexa defendamos nuestra tierra !!!",razormotor,"['echar', 'pais', 'argentino', 'muerto', 'hambre', 'bailar√≠n', 'tango', 'condesa', 'fueravenezolano', 'ir', 'buen', 'mexicanpower', 'orgullomexa', 'defender', 'tierra']"
175,175,2021-01-27 08:04:56+00:00,1354339593584304129,"@GianlucaAL27 Lo peor est√° por venir, la delincuencia no tendr√° l√≠mites y todos estos venezolanos malagradecidos comenzar√°n a delinquir sin piedad...
No nos queda otra que organizarnos y defendernos...
#FueraVenezolanos que nos quitan camas UCI respiradores ox√≠geno medicinas trabajo comida",Winston93699446,"['peor', 'venir', 'delincuencia', 'tener', 'limite', 'venezolano', 'malagradecido', 'comenzar', 'delinquir', 'piedad', 'quedar', 'organizar', 'yo', 'defenderno', 'fueravenezolano', 'quitar', 'cama', 'uci', 'respirador', 'oxigeno', 'medicina', 'trabajo', 'comida']"
176,176,2021-01-24 02:24:22+00:00,1353166723625709568,"@romerocaroperu #FueraVenezolanos
#FueraVenezolanos
#FueraVenezolanos
#FueraVenezolanos",Winston93699446,"['fueravenezano', 'fueravenezolano', 'fueravenezolano', 'fueravenezolano']"
177,177,2021-01-23 17:10:42+00:00,1353027388590989312,#Fueravenezolanos LADRONES!!!üò° https://t.co/2hZdsDvT2v,elbgcb42,"['fueravenezolano', 'ladr√≥n']"
178,178,2021-01-23 15:31:18+00:00,1353002374290354176,"@rlopezaliaga1 #FueraVenezolanos
#FueraVenezolanos
#FueraVenezolanos
#FueraVenezolanos

BASTA DE ABUSOS CONTRA LOS COMPATRIOTAS PERUANOS

BASTA DE QUITARNOS LOS PUESTOS DE TRABAJO

BASTA DE PAGARLES SISTEMA DE SALUD CON NUESTROS IMPUESTOS

BASTA DE ROBOS Y MUERTES A PERUANOS POR 
 VENEZOLANOS",Winston93699446,"['fueravenezano', 'fueravenezolano', 'fueravenezolano', 'fueravenezolano', 'bastar', 'abuso', 'compatriota', 'peruano', 'bastar', 'quitar', 'yo', 'puesto', 'trabajo', 'bastar', 'pagar', '√©l', 'sistema', 'salud', 'impuesto', 'bastar', 'robo', 'muerte', 'peruano', 'venezolano']"
179,179,2021-01-23 10:43:35+00:00,1352929969996001281,"@FREPAP_FIA Venezolanas vienen a embarazarse y a dar a luz ya q el SIS es gratis para ellos y les cubre todo, basta ir a cualquier hospital y comprobar la cantidad de venezolanas que van ah√≠
Nosotros les estamos costeando todo y ellos nos quitan el trabajo
Peruanos cojudos
#FueraVenezolanos",Winston93699446,"['venezolano', 'venir', 'embarazar', '√©l', 'dar', 'luz', 'sis', 'gratis', 'cubrir', 'bastar', 'ir', 'cualquiera', 'hospital', 'comprobar', 'cantidad', 'venezolano', 'ir', 'ahi', 'costear', 'quitar', 'trabajo', 'peruano', 'cojudo', 'fueravenezolano']"
180,180,2021-01-20 12:37:56+00:00,1351871583019790336,"Gobierno comienza a hacer lo que debes hacer, deporten a todos los Venezolanos que hacen lo que har√≠an en su pa√≠s... Expropiarse de cosas ajenas, fuera a todos esos que no necesitamos en este pa√≠s!!

#FueraVenezolanos #Bienvenidos13",MissEvelynna08,"['gobierno', 'comenzar', 'hacer', 'deber', 'hacer', 'deporten', 'venezolano', 'hacer', 'hacer', 'pais', 'expropiar', '√©l', 'cosa', 'ajeno', 'necesitar', 'pais', 'fueravenezolano', 'bienvenido']"
181,181,2021-01-20 12:26:49+00:00,1351868784060092417,"Si quieren robar casas a su pa√≠s se deben de ir!!!

#FueraVenezolanos",MissEvelynna08,"['si', 'querer', 'robar', 'casa', 'pais', 'deber', 'ir', 'fueravenezolano']"
182,182,2021-01-20 12:25:14+00:00,1351868384464539649,"Roban casas como si fuera madriguera de conejo, para colmo insultan y se ofenden como si las casas fueran suyas, v√°yanse de mi hermoso pa√≠s!!!

#FueraVenezolanos #NOMASINMIGRANTES",MissEvelynna08,"['robar', 'casa', 'si', 'madriguera', 'conejo', 'colmo', 'insultar', 'ofender', 'si', 'casa', 'vayar', 'hermoso', 'pais', 'fueravenezolano', 'nomasinmigrante']"
183,183,2021-01-20 12:23:34+00:00,1351867967227756544,"Venezolanos de mierda, v√°yanse a su pa√≠s, v√°yanse a robar a su pa√≠s, aqu√≠ no queremos lacras!!

#FueraVenezolanos #LacrasDeMierda #Ladrones",MissEvelynna08,"['venezolano', 'mierda', 'ir', '√©l', 'paar', 'vayar', 'robar', 'pais', 'aqui', 'querer', 'lacra', 'fueravenezolano', 'lacrasdemierdo', 'ladr√≥n']"
184,184,2021-01-19 03:24:54+00:00,1351370018794196992,"Los extranjeros... De seguro Arios, Teutones, Rusos, Canadienses... 

Urge que se ponga los Pantalones @IvanDuque @MigracionCol @CancilleriaCol #FueraCubanos #FueraVenezolanos #CubanosGoHome #VenecosGoHome si no est√°n legalmente y produciendo hay que deportarlos. https://t.co/PThLIYRTQR",Giovann66814997,"['extranjero', 'seguro', 'ario', 'teut√≥n', 'ruso', 'canadiense', 'urgir', 'poner', 'pantal√≥n', 'fueracubano', 'fueravenezolano', 'cubanosgohome', 'venecosgohome', 'si', 'estar', 'legalmente', 'producir', 'deportar', '√©l']"
185,185,2021-01-18 16:30:34+00:00,1351205351543156738,@exitosape #Venezolanos #FueraVenezolanos #MalditosVenezolanos  @FSagasti @PoliciaPeru @MininterPeru @FiscaliaPeru @FiscaliaPeru mueren de miedo con sacar del pais a esas basuras venecas,danivigo,"['venezolano', 'fueravenezolano', 'malditosvenezolano', 'morir', 'miedo', 'sacar', 'pais', 'basura', 'veneco']"
186,186,2021-01-18 16:27:03+00:00,1351204464624070664,@exitosape #MalditosVenezolanos #FueraVenezolanos #PnpArruga @PoliciaPeru @FSagasti @MininterPeru @FiscaliaPeru #Venezolanos,danivigo,"['malditosvenezolano', 'fueravenezolano', 'pnparrugar', 'venezolano']"
187,187,2021-01-18 04:07:43+00:00,1351018405231517697,@tromepe Otro venezolano asesino malnacido. #FueraVenezolanos,Rovhi,"['venezolano', 'asesino', 'malnacido', 'fueravenezolano']"
188,188,2021-01-18 01:07:37+00:00,1350973081024671749,"#venezolano
#Venezolanos
#TalentoVenezolano
#NoEsXenofobia
#NoM√°sVenezolanos
#FueraVenezolanos
@embajadave_pe
@carlosscull
@jguaido
@leopoldolopez
@AmnistiaOnline
@BancoMundialLAC https://t.co/fcgiQxThOy",GeorgioMonreal,"['venezolano', 'venezolano', 'talentovenezolano', 'noesxenofobia', 'nomasvenezolano', 'fueravenezolano']"
189,189,2021-01-14 12:48:17+00:00,1349699859499069448,"#Venezolano
#Venezolanos
#NoM√°sVenezolanos
#MalaMigraci√≥n
#TalentoVenezolano
#NoEsXenofobia
#NoM√°sVenezolanos
#FueraVenezolanos
@embajadave_pe
@carlosscull
@jguaido
@leopoldolopez
@AmnistiaOnline
@BancoMundialLAC https://t.co/LOIpzLwDXK",GeorgioMonreal,"['venezolano', 'venezolano', 'nomasvenezolano', 'malamigracion', 'talentovenezolano', 'noesxenofobia', 'nomasvenezolano', 'fueravenezolano']"
190,190,2021-01-13 13:35:48+00:00,1349349431422935042,QUE DEPORTEN A LOS VENEZOLANOS ILEGALES entran declaran que entraron y listo Hasta por telefono Y LISTO YA ENTRARON...ESO DEBE TERMINAR #fueravenezolanos https://t.co/9KVp6hzEVu,dannpaikovs,"['deporten', 'venezolano', 'ilegal', 'entrar', 'declarar', 'entrar', 'listo', 'telefono', 'listo', 'entraroneso', 'deber', 'terminar', 'fueravenezano']"
191,191,2021-01-03 19:04:03+00:00,1345808157889753089,"@ELINSOLENTE6 Sacar a toda esa plaga del. Pa√≠s, el gobierno en vez de ayudar al. Colombiano m√°s beneficios #fueravenezolanos",RRoanrugo1,"['sacar', 'todo', 'plaga', 'pais', 'gobierno', 'vez', 'ayudar', 'colombiano', 'mas', 'beneficio', 'fueravenezolano']"
192,192,2020-12-26 04:04:33+00:00,1342682690856890369,"@minutoaldia Pero de seguro el chileno mo esysns de fiesta con ls m√∫sica a todo dar cuando fueron para venezuela, estos weones solo gritan y webean caleta porque uno les pide por favor que bajen la puta musica de mierda, te amenazan con fierros (alguna arma de fuego) #fueravenezolanos",_Bur0mu_,"['seguro', 'chileno', 'mo', 'esysn', 'fiesta', 'ls', 'musica', 'dar', 'venezuela', 'we√≥n', 'solo', 'gritar', 'webean', 'caleta', 'pedir', 'favor', 'bajir', 'puta', 'musica', 'mierda', 'amenazar', 'fierro', 'alguno', 'arma', 'fuego', 'fueravenezolano']"
193,193,2020-12-26 00:39:22+00:00,1342631052112764928,"Al menos 30 personas habr√≠an sido atracadas en bus de servicio p√∫blico de El Carmen De Viboral https://t.co/bTJYWhPYxT @ElCarmenV . Autoridades alg√∫n avance? Estamos jodidos con estos #fueravenecos, #fueravenezolanos.",jorgehgiraldo,"['menos', 'persona', 'haber', 'ser', 'atracar', 'bus', 'servicio', 'publico', 'carmen', 'viboral', 'autoridad', 'alguno', 'avance', 'jodido', 'fueraveneco', 'fueravenezolano']"
194,194,2020-12-22 18:33:34+00:00,1341451832594460685,"#fueravenezolanos
En Quibd√≥ es peor, cuando estaba all√°, ellos son super racistas, no pensaba que tenian ese concepto de que se creen europeos o algo as√≠, pero es la verdad muchos les tiran comentarios racistas a los Quibdose√±os, pero como al chocuano ama que lo traten mal.",Sadboy80120976,"['fueravenezano', 'quibdo', 'peor', 'alla', 'super', 'racista', 'pensar', 'tener', 'concepto', 'creer', 'europeo', 'asi', 'verdad', 'tirar', 'comentario', 'racista', 'quibdoseno', 'chocuano', 'ama', 'tratar', 'mal']"
195,195,2020-12-22 03:57:14+00:00,1341231295557472261,"@Fruizgomez @infopresidencia Ah√≠ est√°n sus queridos venezolanos para que tambi√©n los vacunen contra #vacunacovid19, #fueravenecos, #fueravenezolanos. Fuera de Colombia. @infopresidencia https://t.co/g1ytqEufpw",jorgehgiraldo,"['ahi', 'estar', 'querido', 'venezolano', 'tambien', 'vacunir', 'vacunacovid', 'fueraveneco', 'fueravenezolano', 'colombio']"
196,196,2020-12-22 03:34:53+00:00,1341225672358961153,Cansada de estos vecinos grrr  #fueravenezolanos #desubicados #SantiagodeChile https://t.co/kOcVfJAd8z,SusiChavezI,"['cansado', 'vecino', 'grr', 'fueravenezolano', 'desubicado', 'santiagodechile']"
197,197,2020-12-21 19:22:58+00:00,1341101874783653890,"@MinSaludCol @infopresidencia #fueravenecos, #fueravenezolanos, fuera de Colombia. No m√°s privilegios para #Fueravenecos. V√°yanse para su pa√≠s y acaben con maduro, diosdado y esa mafia socialista. No traigan su desgracia a Colombia. https://t.co/Et2vn2lsix",jorgehgiraldo,"['fueraveneco', 'fueravenezolano', 'colombio', 'mas', 'privilegio', 'fueraveneco', 'vayar', 'pais', 'acabar', 'maduro', 'diosdado', 'mafia', 'socialista', 'traer', 'desgracia', 'colombio']"
198,198,2020-12-21 19:14:18+00:00,1341099697419788296,"@NoticiasCaracol A est√°n los Venecos robando, para que tambi√©n los vacunen.#fueravenecos #fueravenezolanos",jorgehgiraldo,"['estar', 'veneco', 'robar', 'tambien', 'vacunenfueravenecos', 'fueravenezolano']"
199,199,2020-12-12 00:56:51+00:00,1337562022934958084,"@NoticiasCaracol Ojal√° no le den prioridad con la vacuna a los venezolanos, c√≥mo suele pasar en este pais. #fueravenecos #fueravenezolanos.",jorgehgiraldo,"['ojala', 'dar', 'prioridad', 'vacuna', 'venezolano', 'soler', 'pasar', 'pais', 'fueraveneco', 'fueravenezolano']"
200,200,2020-12-12 00:53:24+00:00,1337561154051256321,"@IvanDuque @opsoms @MinSaludCol Ojal√° no le den prioridad con la vacuna a los venezolanos, c√≥mo suele pasar en este pais. #fueravenecos #fueravenezolanos.",jorgehgiraldo,"['ojala', 'dar', 'prioridad', 'vacuna', 'venezolano', 'soler', 'pasar', 'pais', 'fueraveneco', 'fueravenezolano']"
201,201,2020-12-06 21:32:45+00:00,1335698721602998273,@MemeEcuador #fueravenezolanos,jonathanriva,['fueravenezano']
202,202,2020-12-06 07:55:06+00:00,1335492951691161600,"@007Artemisa @WenaChile @GobiernodeChile @RodrigoDelgadoM Esta es la mierda q tenemos q soportar a diario, 5am y los venezolanos gritando en los balcones y todos quienes los defienden de seguro no los tienen de vecinos! Aporte? Pa las botillerias por que solo saben de fiesta pero malos pal trabajo! #fueravenezolanos https://t.co/3R1csKMAar",elessar_cl,"['mierda', 'soportar', 'diario', 'a', 'em', 'venezolano', 'gritar', 'balc√≥n', 'defender', 'seguro', 'vecino', 'aporte', 'pa', 'botilleria', 'solo', 'saber', 'fiesta', 'malo', 'pal', 'trabajo', 'fueravenezolano']"
203,203,2020-12-04 22:42:08+00:00,1334991404116942849,@arias_yosmari @CynthiaViteri6 #FueraVenezolanos  es el clamor de todo mi pa√≠s.,Egasbelen,"['fueravenezolano', 'clamor', 'pais']"
204,204,2020-12-04 16:50:33+00:00,1334902926079389702,@ArellaProano @ProfHoax__ @CancilleriaEc @CynthiaViteri6 @AsambleaEcuador @CREOEcuador #FueraVenezolanos,CARROL1975K,['fueravenezano']
205,205,2020-12-04 12:17:12+00:00,1334834135832154113,@luisantonio_r Que se larguen ya caen mal se hacen due√±os de todo #FueraVenezolanos,Yolita07,"['largar', 'caer', 'mal', 'hacer', 'dueno', 'fueravenezolano']"
206,206,2020-12-04 05:15:38+00:00,1334728045404577792,#FueraVenezolanos https://t.co/15KglPQqDv,Sou10101010,['fueravenezano']
207,207,2020-12-04 01:21:16+00:00,1334669062459305984,@MemeEcuador #fueravenezolanos,jonathanriva,['fueravenezano']
208,208,2020-12-04 01:02:42+00:00,1334664393712410624,@lahistoriaec #fueravenezolanos,jonathanriva,['fueravenezano']
209,209,2020-12-04 00:48:42+00:00,1334660868852813824,@JameJennisita #fueravenezolanos,jonathanriva,['fueravenezano']
210,210,2020-12-04 00:04:11+00:00,1334649665896275968,"#FueraVenezolanos
Fuera los delincuentes y las putas venezolanos",yveskill,"['fueravenezolano', 'delincuente', 'puta', 'venezolano']"
211,211,2020-12-03 20:37:08+00:00,1334597559042584577,"@Cupsfire_gye @Lenin @AsambleaEcuador @CHONILLOec @CynthiaViteri6 ya es hora de sacar a esos extranjeros que tienen menos de 5 a√±os en el pa√≠s, que no tienen trabajo por contrato en una empresa, y sino tienen visa #FUERAVENEZOLANOS",DMariayLily,"['hora', 'sacar', 'extranjero', 'menos', 'ano', 'paar', 'trabajo', 'contrato', 'empresa', 'sino', 'visa', 'fueravenezolano']"
212,212,2020-12-03 20:29:25+00:00,1334595615729340416,"Los Venezolanos se est√°n haciendo odiar por todas partes. Violentos y abusivos de mierda porque no se ponen as√≠ en su pa√≠s contra todos los chavistas y no contra la gente que les abre las puertas. 
#fueravenezolanos https://t.co/bHjTDUX9Q8",Klauxavil,"['venezolano', 'estar', 'hacer', 'odiar', 'todo', 'parte', 'violento', 'abusivo', 'mierda', 'poner', 'asi', 'pais', 'chavista', 'gente', 'abrir', 'puerta', 'fueravenezolano']"
213,213,2020-12-03 20:23:39+00:00,1334594164957253632,@Cupsfire_gye #fueravenezolanos ya no hay que soportar tanta pendejada de estos malos inmigrantes hay que tener mano dura y lo principal es que la ley ampare a nuestra gente no como lastimosamente lo dej√≥ el FUGADO.,71amarillo,"['fueravenezolano', 'soportar', 'tanto', 'pendejada', 'malo', 'inmigrante', 'tener', 'mano', 'duro', 'principal', 'ley', 'amparar', 'gente', 'lastimosamente', 'dejar', 'fugado']"
214,214,2020-12-03 20:22:26+00:00,1334593859876237331,"Esos son los que Correa permiti√≥ que ingresen libremente y ahora son los que asaltan, golpean matan.
#FueraVenezolanos 
@CynthiaViteri6 
No permitan que destruyan Guayaquil. https://t.co/l0YIBdY4Nv",arias_yosmari,"['correa', 'permitir', 'ingresar', 'libremente', 'ahora', 'asaltar', 'golpear', 'matar', 'fueravenezano', 'permitir', 'destruir', 'guayaquil']"
215,215,2020-12-03 18:21:15+00:00,1334563361858707458,@Cupsfire_gye Que vayan a reclamar en su pa√≠s. #fueravenezolanos,jonathanriva,"['ir', 'reclamar', 'pais', 'fueravenezolano']"
